Sample_name,Lithology,Type,Pressure,Temperature,Vp,Vs,rho,Reference
BC-12,granodiorite,I,40,25,5.235,3.102,2.678,Morosov_et_al_2003
BC-12,granodiorite,I,100,25,5.962,3.458,2.678,Morosov_et_al_2003
BC-12,granodiorite,I,400,25,6.331,3.627,2.678,Morosov_et_al_2003
BC-12,granodiorite,I,1000,25,6.505,3.68,2.678,Morosov_et_al_2003
,,,,,,,,
BC-6,diorite,I,40,25,4.258,2.633,2.785,Morosov_et_al_2003
BC-6,diorite,I,100,25,5.493,3.254,2.785,Morosov_et_al_2003
BC-6,diorite,I,400,25,6.421,3.695,2.785,Morosov_et_al_2003
BC-6,diorite,I,1000,25,6.655,3.79,2.785,Morosov_et_al_2003
,,,,,,,,
BC-13,diorite,I,40,25,4.759,2.859,2.792,Morosov_et_al_2003
BC-13,diorite,I,100,25,5.775,3.365,2.792,Morosov_et_al_2003
BC-13,diorite,I,400,25,6.52,3.655,2.792,Morosov_et_al_2003
BC-13,diorite,I,1000,25,6.734,3.735,2.792,Morosov_et_al_2003
,,,,,,,,
BC-7,diorite,I,40,25,4.691,2.907,2.804,Morosov_et_al_2003
BC-7,diorite,I,100,25,5.822,3.393,2.804,Morosov_et_al_2003
BC-7,diorite,I,400,25,6.56,3.665,2.804,Morosov_et_al_2003
BC-7,diorite,I,1000,25,6.73,3.717,2.804,Morosov_et_al_2003
,,,,,,,,
BC-5,gneiss,M,40,25,4.545,2.7,2.787,Morosov_et_al_2003
BC-5,gneiss,M,100,25,5.54,3.157,2.787,Morosov_et_al_2003
BC-5,gneiss,M,400,25,6.231,3.469,2.787,Morosov_et_al_2003
BC-5,gneiss,M,1000,25,6.461,3.568,2.787,Morosov_et_al_2003
,,,,,,,,
BC-4,gneiss,M,40,25,4.734,2.864,2.797,Morosov_et_al_2003
BC-4,gneiss,M,100,25,5.517,3.214,2.797,Morosov_et_al_2003
BC-4,gneiss,M,400,25,6.204,3.499,2.797,Morosov_et_al_2003
BC-4,gneiss,M,1000,25,6.473,3.605,2.797,Morosov_et_al_2003
,,,,,,,,
BC-10,gneiss,M,40,25,4.589,2.722,2.789,Morosov_et_al_2003
BC-10,gneiss,M,100,25,5.517,3.222,2.789,Morosov_et_al_2003
BC-10,gneiss,M,400,25,6.204,3.639,2.789,Morosov_et_al_2003
BC-10,gneiss,M,1000,25,6.473,3.745,2.789,Morosov_et_al_2003
,,,,,,,,
BC-3,restite,I,40,25,5.609,3.354,2.74,Morosov_et_al_2003
BC-3,restite,I,100,25,5.894,3.265,2.74,Morosov_et_al_2003
BC-3,restite,I,400,25,6.242,3.653,2.74,Morosov_et_al_2003
BC-3,restite,I,1000,25,6.409,3.713,2.74,Morosov_et_al_2003
,,,,,,,,
BC-14,restite,I,40,25,5.464,3.211,2.984,Morosov_et_al_2003
BC-14,restite,I,100,25,6.327,3.642,2.984,Morosov_et_al_2003
BC-14,restite,I,400,25,6.98,3.929,2.984,Morosov_et_al_2003
BC-14,restite,I,1000,25,7.23,4.027,2.984,Morosov_et_al_2003
,,,,,,,,
TPR-30-cc,restite,I,40,25,6.161,3.569,2.898,Morosov_et_al_2003
TPR-30-cc,restite,I,100,25,6.692,3.821,2.898,Morosov_et_al_2003
TPR-30-cc,restite,I,400,25,7.049,3.991,2.898,Morosov_et_al_2003
TPR-30-cc,restite,I,1000,25,7.222,4.039,2.898,Morosov_et_al_2003
,,,,,,,,
A-1,schist,M,20,25,4.924,2.868,2.723,Christensen_Okaya_2007
A-1,schist,M,40,25,5.287,3.055,2.723,Christensen_Okaya_2007
A-1,schist,M,60,25,5.417,3.175,2.723,Christensen_Okaya_2007
A-1,schist,M,80,25,5.672,3.301,2.723,Christensen_Okaya_2007
A-1,schist,M,100,25,5.781,3.312,2.723,Christensen_Okaya_2007
A-1,schist,M,200,25,6.026,3.434,2.723,Christensen_Okaya_2007
A-1,schist,M,400,25,6.174,3.499,2.723,Christensen_Okaya_2007
A-1,schist,M,600,25,6.251,3.531,2.723,Christensen_Okaya_2007
A-1,schist,M,800,25,6.306,3.554,2.723,Christensen_Okaya_2007
A-1,schist,M,1000,25,6.349,3.572,2.723,Christensen_Okaya_2007
,,,,,,,,
A-2,schist,M,20,25,4.449,2.79,2.765,Christensen_Okaya_2007
A-2,schist,M,40,25,4.969,3.037,2.765,Christensen_Okaya_2007
A-2,schist,M,60,25,5.291,3.182,2.765,Christensen_Okaya_2007
A-2,schist,M,80,25,5.497,3.265,2.765,Christensen_Okaya_2007
A-2,schist,M,100,25,5.634,3.335,2.765,Christensen_Okaya_2007
A-2,schist,M,200,25,5.902,3.453,2.765,Christensen_Okaya_2007
A-2,schist,M,400,25,6.037,3.512,2.765,Christensen_Okaya_2007
A-2,schist,M,600,25,6.107,3.543,2.765,Christensen_Okaya_2007
A-2,schist,M,800,25,6.268,3.565,2.765,Christensen_Okaya_2007
A-2,schist,M,1000,25,6.197,3.583,2.765,Christensen_Okaya_2007
,,,,,,,,
A-3,schist,M,20,25,5.017,2.91,2.735,Christensen_Okaya_2007
A-3,schist,M,40,25,5.315,3.086,2.735,Christensen_Okaya_2007
A-3,schist,M,60,25,5.507,3.2,2.735,Christensen_Okaya_2007
A-3,schist,M,80,25,5.64,3.277,2.735,Christensen_Okaya_2007
A-3,schist,M,100,25,5.736,3.332,2.735,Christensen_Okaya_2007
A-3,schist,M,200,25,5.967,3.451,2.735,Christensen_Okaya_2007
A-3,schist,M,400,25,6.122,3.512,2.735,Christensen_Okaya_2007
A-3,schist,M,600,25,6.205,3.539,2.735,Christensen_Okaya_2007
A-3,schist,M,800,25,6.274,3.559,2.735,Christensen_Okaya_2007
A-3,schist,M,1000,25,6.312,3.574,2.735,Christensen_Okaya_2007
,,,,,,,,
A-4,schist,M,20,25,4.054,2.486,2.668,Christensen_Okaya_2007
A-4,schist,M,40,25,4.667,2.856,2.668,Christensen_Okaya_2007
A-4,schist,M,60,25,5.095,3.1,2.668,Christensen_Okaya_2007
A-4,schist,M,80,25,5.382,3.265,2.668,Christensen_Okaya_2007
A-4,schist,M,100,25,5.583,3.377,2.668,Christensen_Okaya_2007
A-4,schist,M,200,25,6,3.59,2.668,Christensen_Okaya_2007
A-4,schist,M,400,25,6.186,3.654,2.668,Christensen_Okaya_2007
A-4,schist,M,600,25,6.237,3.677,2.668,Christensen_Okaya_2007
A-4,schist,M,800,25,6.286,3.693,2.668,Christensen_Okaya_2007
A-4,schist,M,1000,25,6.325,3.706,2.668,Christensen_Okaya_2007
,,,,,,,,
A-5,schist,M,20,25,5.05,2.569,2.656,Christensen_Okaya_2007
A-5,schist,M,40,25,5.337,2.726,2.656,Christensen_Okaya_2007
A-5,schist,M,60,25,5.51,2.837,2.656,Christensen_Okaya_2007
A-5,schist,M,80,25,5.624,2.923,2.656,Christensen_Okaya_2007
A-5,schist,M,100,25,5.702,2.99,2.656,Christensen_Okaya_2007
A-5,schist,M,200,25,5.764,3.254,2.656,Christensen_Okaya_2007
A-5,schist,M,400,25,6.018,3.284,2.656,Christensen_Okaya_2007
A-5,schist,M,600,25,6.092,3.326,2.656,Christensen_Okaya_2007
A-5,schist,M,800,25,6.145,3.354,2.656,Christensen_Okaya_2007
A-5,schist,M,1000,25,6.188,3.375,2.656,Christensen_Okaya_2007
,,,,,,,,
A-6,phyllite,M,20,25,5.473,3.487,2.713,Christensen_Okaya_2007
A-6,phyllite,M,40,25,5.611,3.547,2.713,Christensen_Okaya_2007
A-6,phyllite,M,60,25,5.691,3.587,2.713,Christensen_Okaya_2007
A-6,phyllite,M,80,25,5.744,3.616,2.713,Christensen_Okaya_2007
A-6,phyllite,M,100,25,5.782,3.637,2.713,Christensen_Okaya_2007
A-6,phyllite,M,200,25,5.884,3.689,2.713,Christensen_Okaya_2007
A-6,phyllite,M,400,25,5.975,3.721,2.713,Christensen_Okaya_2007
A-6,phyllite,M,600,25,6.028,3.737,2.713,Christensen_Okaya_2007
A-6,phyllite,M,800,25,6.066,3.747,2.713,Christensen_Okaya_2007
A-6,phyllite,M,1000,25,6.096,3.755,2.713,Christensen_Okaya_2007
,,,,,,,,
A-7,phyllite,M,20,25,4.931,3.094,2.713,Christensen_Okaya_2007
A-7,phyllite,M,40,25,5.209,3.197,2.713,Christensen_Okaya_2007
A-7,phyllite,M,60,25,5.382,3.267,2.713,Christensen_Okaya_2007
A-7,phyllite,M,80,25,5.499,3.318,2.713,Christensen_Okaya_2007
A-7,phyllite,M,100,25,5.581,3.358,2.713,Christensen_Okaya_2007
A-7,phyllite,M,200,25,5.777,3.467,2.713,Christensen_Okaya_2007
A-7,phyllite,M,400,25,5.915,3.545,2.713,Christensen_Okaya_2007
A-7,phyllite,M,600,25,5.991,3.582,2.713,Christensen_Okaya_2007
A-7,phyllite,M,800,25,6.046,3.608,2.713,Christensen_Okaya_2007
A-7,phyllite,M,1000,25,6.088,3.629,2.713,Christensen_Okaya_2007
,,,,,,,,
A-8,phyllite,M,20,25,5.075,2.261,2.642,Christensen_Okaya_2007
A-8,phyllite,M,40,25,5.248,2.391,2.642,Christensen_Okaya_2007
A-8,phyllite,M,60,25,5.373,2.479,2.642,Christensen_Okaya_2007
A-8,phyllite,M,80,25,6.47,2.548,2.642,Christensen_Okaya_2007
A-8,phyllite,M,100,25,5.547,2.604,2.642,Christensen_Okaya_2007
A-8,phyllite,M,200,25,5.777,2.789,2.642,Christensen_Okaya_2007
A-8,phyllite,M,400,25,5.941,2.964,2.642,Christensen_Okaya_2007
A-8,phyllite,M,600,25,6.003,3.05,2.642,Christensen_Okaya_2007
A-8,phyllite,M,800,25,6.038,3.106,2.642,Christensen_Okaya_2007
A-8,phyllite,M,1000,25,6.064,3.148,2.642,Christensen_Okaya_2007
,,,,,,,,
A-9,phyllite,M,20,25,4.78,3.093,2.644,Christensen_Okaya_2007
A-9,phyllite,M,40,25,5.12,3.235,2.644,Christensen_Okaya_2007
A-9,phyllite,M,60,25,5.333,3.325,2.644,Christensen_Okaya_2007
A-9,phyllite,M,80,25,5.472,3.385,2.644,Christensen_Okaya_2007
A-9,phyllite,M,100,25,5.567,3.428,2.644,Christensen_Okaya_2007
A-9,phyllite,M,200,25,5.768,3.52,2.644,Christensen_Okaya_2007
A-9,phyllite,M,400,25,5.865,3.57,2.644,Christensen_Okaya_2007
A-9,phyllite,M,600,25,5.941,3.596,2.644,Christensen_Okaya_2007
A-9,phyllite,M,800,25,5.984,3.613,2.644,Christensen_Okaya_2007
A-9,phyllite,M,1000,25,6.017,3.627,2.644,Christensen_Okaya_2007
,,,,,,,,
A-10,schist,M,20,25,4.301,2.577,2.7,Christensen_Okaya_2007
A-10,schist,M,40,25,4.766,2.83,2.7,Christensen_Okaya_2007
A-10,schist,M,60,25,5.076,3.001,2.7,Christensen_Okaya_2007
A-10,schist,M,80,25,5.295,3.12,2.7,Christensen_Okaya_2007
A-10,schist,M,100,25,5.453,3.206,2.7,Christensen_Okaya_2007
A-10,schist,M,200,25,5.822,3.399,2.7,Christensen_Okaya_2007
A-10,schist,M,400,25,6.027,3.493,2.7,Christensen_Okaya_2007
A-10,schist,M,600,25,6.123,3.535,2.7,Christensen_Okaya_2007
A-10,schist,M,800,25,6.192,3.565,2.7,Christensen_Okaya_2007
A-10,schist,M,1000,25,6.246,3.588,2.7,Christensen_Okaya_2007
,,,,,,,,
A-11,schist,M,20,25,4.019,2.488,2.694,Christensen_Okaya_2007
A-11,schist,M,40,25,4.646,2.802,2.694,Christensen_Okaya_2007
A-11,schist,M,60,25,5.069,3.003,2.694,Christensen_Okaya_2007
A-11,schist,M,80,25,5.354,3.137,2.694,Christensen_Okaya_2007
A-11,schist,M,100,25,5.556,3.228,2.694,Christensen_Okaya_2007
A-11,schist,M,200,25,5.981,3.406,2.694,Christensen_Okaya_2007
A-11,schist,M,400,25,5.165,3.483,2.694,Christensen_Okaya_2007
A-11,schist,M,600,25,6.248,3.521,2.694,Christensen_Okaya_2007
A-11,schist,M,800,25,6.307,3.547,2.694,Christensen_Okaya_2007
A-11,schist,M,1000,25,6.354,3.568,2.694,Christensen_Okaya_2007
,,,,,,,,
A-12,schist,M,20,25,4.012,2.303,2.713,Christensen_Okaya_2007
A-12,schist,M,40,25,4.619,2.638,2.713,Christensen_Okaya_2007
A-12,schist,M,60,25,5.026,2.859,2.713,Christensen_Okaya_2007
A-12,schist,M,80,25,5.309,3.01,2.713,Christensen_Okaya_2007
A-12,schist,M,100,25,5.509,3.115,2.713,Christensen_Okaya_2007
A-12,schist,M,200,25,5.942,3.335,2.713,Christensen_Okaya_2007
A-12,schist,M,400,25,6.14,3.429,2.713,Christensen_Okaya_2007
A-12,schist,M,600,25,6.228,3.468,2.713,Christensen_Okaya_2007
A-12,schist,M,800,25,6.292,3.496,2.713,Christensen_Okaya_2007
A-12,schist,M,1000,25,6.342,3.517,2.713,Christensen_Okaya_2007
,,,,,,,,
A-13,schist,M,20,25,4.404,2.414,2.712,Christensen_Okaya_2007
A-13,schist,M,40,25,5.3,2.801,2.712,Christensen_Okaya_2007
A-13,schist,M,60,25,5.461,3.043,2.712,Christensen_Okaya_2007
A-13,schist,M,80,25,5.737,3.198,2.712,Christensen_Okaya_2007
A-13,schist,M,100,25,5.924,3.299,2.712,Christensen_Okaya_2007
A-13,schist,M,200,25,6.289,3.482,2.712,Christensen_Okaya_2007
A-13,schist,M,400,25,6.431,3.554,2.712,Christensen_Okaya_2007
A-13,schist,M,600,25,6.492,3.589,2.712,Christensen_Okaya_2007
A-13,schist,M,800,25,6.536,3.614,2.712,Christensen_Okaya_2007
A-13,schist,M,1000,25,6.57,3.633,2.712,Christensen_Okaya_2007
,,,,,,,,
A-14,greenschist,M,20,25,3.499,2.223,2.681,Christensen_Okaya_2007
A-14,greenschist,M,40,25,4.25,2.693,2.681,Christensen_Okaya_2007
A-14,greenschist,M,60,25,4.763,2.994,2.681,Christensen_Okaya_2007
A-14,greenschist,M,80,25,5.123,3.192,2.681,Christensen_Okaya_2007
A-14,greenschist,M,100,25,5.379,3.323,2.681,Christensen_Okaya_2007
A-14,greenschist,M,200,25,5.923,3.564,2.681,Christensen_Okaya_2007
A-14,greenschist,M,400,25,6.141,3.646,2.681,Christensen_Okaya_2007
A-14,greenschist,M,600,25,6.227,3.682,2.681,Christensen_Okaya_2007
A-14,greenschist,M,800,25,6.288,3.708,2.681,Christensen_Okaya_2007
A-14,greenschist,M,1000,25,6.347,3.728,2.681,Christensen_Okaya_2007
,,,,,,,,
A-15,greenschist,M,20,25,4.059,2.349,2.656,Christensen_Okaya_2007
A-15,greenschist,M,40,25,4.545,2.663,2.656,Christensen_Okaya_2007
A-15,greenschist,M,60,25,4.891,2.88,2.656,Christensen_Okaya_2007
A-15,greenschist,M,80,25,5.15,3.036,2.656,Christensen_Okaya_2007
A-15,greenschist,M,100,25,5.35,3.151,2.656,Christensen_Okaya_2007
A-15,greenschist,M,200,25,5.874,3.422,2.656,Christensen_Okaya_2007
A-15,greenschist,M,400,25,6.18,3.56,2.656,Christensen_Okaya_2007
A-15,greenschist,M,600,25,6.306,3.619,2.656,Christensen_Okaya_2007
A-15,greenschist,M,800,25,6.393,3.657,2.656,Christensen_Okaya_2007
A-15,greenschist,M,1000,25,6.461,3.693,2.656,Christensen_Okaya_2007
,,,,,,,,
A-16,greenschist,M,20,25,4.727,2.694,2.656,Christensen_Okaya_2007
A-16,greenschist,M,40,25,5.106,2.893,2.656,Christensen_Okaya_2007
A-16,greenschist,M,60,25,5.367,3.028,2.656,Christensen_Okaya_2007
A-16,greenschist,M,80,25,5.557,3.12,2.656,Christensen_Okaya_2007
A-16,greenschist,M,100,25,5.7,3.193,2.656,Christensen_Okaya_2007
A-16,greenschist,M,200,25,6.062,3.353,2.656,Christensen_Okaya_2007
A-16,greenschist,M,400,25,6.283,3.434,2.656,Christensen_Okaya_2007
A-16,greenschist,M,600,25,6.386,3.471,2.656,Christensen_Okaya_2007
A-16,greenschist,M,800,25,6.46,3.498,2.656,Christensen_Okaya_2007
A-16,greenschist,M,1000,25,6.519,3.517,2.656,Christensen_Okaya_2007
,,,,,,,,
A-17,greenschist,M,20,25,4.609,2.863,3.002,Christensen_Okaya_2007
A-17,greenschist,M,40,25,5.263,2.743,3.002,Christensen_Okaya_2007
A-17,greenschist,M,60,25,5.571,3.214,3.002,Christensen_Okaya_2007
A-17,greenschist,M,80,25,5.774,3.296,3.002,Christensen_Okaya_2007
A-17,greenschist,M,100,25,5.912,3.369,3.002,Christensen_Okaya_2007
A-17,greenschist,M,200,25,6.2,3.498,3.002,Christensen_Okaya_2007
A-17,greenschist,M,400,25,6.349,3.558,3.002,Christensen_Okaya_2007
A-17,greenschist,M,600,25,6.422,3.587,3.002,Christensen_Okaya_2007
A-17,greenschist,M,800,25,6.474,3.608,3.002,Christensen_Okaya_2007
A-17,greenschist,M,1000,25,6.515,3.624,3.002,Christensen_Okaya_2007
,,,,,,,,
A-18,greenschist,M,20,25,4.758,2.869,2.726,Christensen_Okaya_2007
A-18,greenschist,M,40,25,5.059,2.85,2.726,Christensen_Okaya_2007
A-18,greenschist,M,60,25,5.17,2.965,2.726,Christensen_Okaya_2007
A-18,greenschist,M,80,25,5.433,3.053,2.726,Christensen_Okaya_2007
A-18,greenschist,M,100,25,5.563,3.124,2.726,Christensen_Okaya_2007
A-18,greenschist,M,200,25,5.952,3.326,2.726,Christensen_Okaya_2007
A-18,greenschist,M,400,25,6.237,3.464,2.726,Christensen_Okaya_2007
A-18,greenschist,M,600,25,6.36,3.522,2.726,Christensen_Okaya_2007
A-18,greenschist,M,800,25,6.442,3.559,2.726,Christensen_Okaya_2007
A-18,greenschist,M,1000,25,6.505,3.589,2.726,Christensen_Okaya_2007
,,,,,,,,
A-19,greenschist,M,20,25,5.001,3.198,2.735,Christensen_Okaya_2007
A-19,greenschist,M,40,25,5.341,3.323,2.735,Christensen_Okaya_2007
A-19,greenschist,M,60,25,5.565,3.404,2.735,Christensen_Okaya_2007
A-19,greenschist,M,80,25,5.722,3.485,2.735,Christensen_Okaya_2007
A-19,greenschist,M,100,25,5.837,3.496,2.735,Christensen_Okaya_2007
A-19,greenschist,M,200,25,6.112,3.581,2.735,Christensen_Okaya_2007
A-19,greenschist,M,400,25,6.283,3.627,2.735,Christensen_Okaya_2007
A-19,greenschist,M,600,25,6.37,3.648,2.735,Christensen_Okaya_2007
A-19,greenschist,M,800,25,6.433,3.664,2.735,Christensen_Okaya_2007
A-19,greenschist,M,1000,25,6.482,3.675,2.735,Christensen_Okaya_2007
,,,,,,,,
A-20,greenschist,M,20,25,5.457,3.462,2.708,Christensen_Okaya_2007
A-20,greenschist,M,40,25,5.712,3.517,2.708,Christensen_Okaya_2007
A-20,greenschist,M,60,25,5.852,3.549,2.708,Christensen_Okaya_2007
A-20,greenschist,M,80,25,5.938,3.572,2.708,Christensen_Okaya_2007
A-20,greenschist,M,100,25,5.994,3.588,2.708,Christensen_Okaya_2007
A-20,greenschist,M,200,25,6.119,3.632,2.708,Christensen_Okaya_2007
A-20,greenschist,M,400,25,6.216,3.666,2.708,Christensen_Okaya_2007
A-20,greenschist,M,600,25,6.272,3.685,2.708,Christensen_Okaya_2007
A-20,greenschist,M,800,25,6.313,3.697,2.708,Christensen_Okaya_2007
A-20,greenschist,M,1000,25,6.344,3.708,2.708,Christensen_Okaya_2007
,,,,,,,,
A-21,greywacke,S,20,25,5.874,3.544,2.737,Christensen_Okaya_2007
A-21,greywacke,S,40,25,5.981,3.576,2.737,Christensen_Okaya_2007
A-21,greywacke,S,60,25,6.041,3.597,2.737,Christensen_Okaya_2007
A-21,greywacke,S,80,25,6.081,3.612,2.737,Christensen_Okaya_2007
A-21,greywacke,S,100,25,6.109,3.623,2.737,Christensen_Okaya_2007
A-21,greywacke,S,200,25,6.185,3.655,2.737,Christensen_Okaya_2007
A-21,greywacke,S,400,25,6.256,3.68,2.737,Christensen_Okaya_2007
A-21,greywacke,S,600,25,6.297,3.694,2.737,Christensen_Okaya_2007
A-21,greywacke,S,800,25,6.327,3.703,2.737,Christensen_Okaya_2007
A-21,greywacke,S,1000,25,6.35,3.711,2.737,Christensen_Okaya_2007
,,,,,,,,
A-22,greywacke,S,20,25,5.91,3.524,2.69,Christensen_Okaya_2007
A-22,greywacke,S,40,25,5.965,3.549,2.69,Christensen_Okaya_2007
A-22,greywacke,S,60,25,5.996,3.564,2.69,Christensen_Okaya_2007
A-22,greywacke,S,80,25,6.018,3.574,2.69,Christensen_Okaya_2007
A-22,greywacke,S,100,25,6.035,3.581,2.69,Christensen_Okaya_2007
A-22,greywacke,S,200,25,6.09,3.604,2.69,Christensen_Okaya_2007
A-22,greywacke,S,400,25,6.152,3.627,2.69,Christensen_Okaya_2007
A-22,greywacke,S,600,25,6.19,3.64,2.69,Christensen_Okaya_2007
A-22,greywacke,S,800,25,6.218,3.65,2.69,Christensen_Okaya_2007
A-22,greywacke,S,1000,25,6.24,3.657,2.69,Christensen_Okaya_2007
,,,,,,,,
A-23,greywacke,S,20,25,5.506,3.067,2.688,Christensen_Okaya_2007
A-23,greywacke,S,40,25,5.571,3.45,2.688,Christensen_Okaya_2007
A-23,greywacke,S,60,25,5.816,3.483,2.688,Christensen_Okaya_2007
A-23,greywacke,S,80,25,5.885,3.507,2.688,Christensen_Okaya_2007
A-23,greywacke,S,100,25,5.931,3.525,2.688,Christensen_Okaya_2007
A-23,greywacke,S,200,25,6.038,3.571,2.688,Christensen_Okaya_2007
A-23,greywacke,S,400,25,6.123,3.6,2.688,Christensen_Okaya_2007
A-23,greywacke,S,600,25,6.172,3.611,2.688,Christensen_Okaya_2007
A-23,greywacke,S,800,25,6.208,3.622,2.688,Christensen_Okaya_2007
A-23,greywacke,S,1000,25,6.235,3.629,2.688,Christensen_Okaya_2007
,,,,,,,,
A-24,greywacke,S,20,25,5.184,3.216,2.654,Christensen_Okaya_2007
A-24,greywacke,S,40,25,5.465,3.337,2.654,Christensen_Okaya_2007
A-24,greywacke,S,60,25,5.648,3.417,2.654,Christensen_Okaya_2007
A-24,greywacke,S,80,25,5.775,3.473,2.654,Christensen_Okaya_2007
A-24,greywacke,S,100,25,5.864,3.513,2.654,Christensen_Okaya_2007
A-24,greywacke,S,200,25,6.064,3.598,2.654,Christensen_Okaya_2007
A-24,greywacke,S,400,25,6.17,3.636,2.654,Christensen_Okaya_2007
A-24,greywacke,S,600,25,6.221,3.653,2.654,Christensen_Okaya_2007
A-24,greywacke,S,800,25,6.256,3.664,2.654,Christensen_Okaya_2007
A-24,greywacke,S,1000,25,6.284,3.973,2.654,Christensen_Okaya_2007
,,,,,,,,
A-25,greywacke,S,20,25,5.518,3.395,2.706,Christensen_Okaya_2007
A-25,greywacke,S,40,25,5.714,3.443,2.706,Christensen_Okaya_2007
A-25,greywacke,S,60,25,5.826,3.474,2.706,Christensen_Okaya_2007
A-25,greywacke,S,80,25,5.896,3.495,2.706,Christensen_Okaya_2007
A-25,greywacke,S,100,25,5.944,3.509,2.706,Christensen_Okaya_2007
A-25,greywacke,S,200,25,6.056,3.556,2.706,Christensen_Okaya_2007
A-25,greywacke,S,400,25,6.147,3.591,2.706,Christensen_Okaya_2007
A-25,greywacke,S,600,25,6.199,3.61,2.706,Christensen_Okaya_2007
A-25,greywacke,S,800,25,6.237,3.523,2.706,Christensen_Okaya_2007
A-25,greywacke,S,1000,25,6.266,3.632,2.706,Christensen_Okaya_2007
,,,,,,,,
A-26,jadeite,M,20,25,6.831,3.936,2.971,Christensen_Okaya_2007
A-26,jadeite,M,40,25,6.963,3.974,2.971,Christensen_Okaya_2007
A-26,jadeite,M,60,25,7.015,3.998,2.971,Christensen_Okaya_2007
A-26,jadeite,M,80,25,7.053,4.015,2.971,Christensen_Okaya_2007
A-26,jadeite,M,100,25,7.077,4.028,2.971,Christensen_Okaya_2007
A-26,jadeite,M,200,25,7.136,4.065,2.971,Christensen_Okaya_2007
A-26,jadeite,M,400,25,7.188,4.095,2.971,Christensen_Okaya_2007
A-26,jadeite,M,600,25,7.129,4.111,2.971,Christensen_Okaya_2007
A-26,jadeite,M,800,25,7.241,4.122,2.971,Christensen_Okaya_2007
A-26,jadeite,M,1000,25,7.258,4.131,2.971,Christensen_Okaya_2007
,,,,,,,,
A-28,granite,I,20,25,5.075,2.975,2.631,Christensen_Okaya_2007
A-28,granite,I,40,25,5.44,3.2,2.631,Christensen_Okaya_2007
A-28,granite,I,60,25,5.675,3.343,2.631,Christensen_Okaya_2007
A-28,granite,I,80,25,5.831,3.436,2.631,Christensen_Okaya_2007
A-28,granite,I,100,25,5.939,3.498,2.631,Christensen_Okaya_2007
A-28,granite,I,200,25,6.162,3.615,2.631,Christensen_Okaya_2007
A-28,granite,I,400,25,6.27,3.66,2.631,Christensen_Okaya_2007
A-28,granite,I,600,25,6.322,3.681,2.631,Christensen_Okaya_2007
A-28,granite,I,800,25,6.359,3.695,2.631,Christensen_Okaya_2007
A-28,granite,I,1000,25,6.388,3.707,2.631,Christensen_Okaya_2007
,,,,,,,,
A-29,granite,I,20,25,4.582,2.797,2.65,Christensen_Okaya_2007
A-29,granite,I,40,25,5.125,3.096,2.65,Christensen_Okaya_2007
A-29,granite,I,60,25,5.473,3.289,2.65,Christensen_Okaya_2007
A-29,granite,I,80,25,5.704,3.415,2.65,Christensen_Okaya_2007
A-29,granite,I,100,25,5.86,3.499,2.65,Christensen_Okaya_2007
A-29,granite,I,200,25,6.175,3.654,2.65,Christensen_Okaya_2007
A-29,granite,I,400,25,6.319,3.705,2.65,Christensen_Okaya_2007
A-29,granite,I,600,25,6.389,3.725,2.65,Christensen_Okaya_2007
A-29,granite,I,800,25,6.44,3.74,2.65,Christensen_Okaya_2007
A-29,granite,I,1000,25,6.479,3.751,2.65,Christensen_Okaya_2007
,,,,,,,,
A-30,mylonite,M,20,25,4.954,3.089,2.677,Christensen_Okaya_2007
A-30,mylonite,M,40,25,5.319,3.26,2.677,Christensen_Okaya_2007
A-30,mylonite,M,60,25,5.556,3.37,2.677,Christensen_Okaya_2007
A-30,mylonite,M,80,25,5.716,3.443,2.677,Christensen_Okaya_2007
A-30,mylonite,M,100,25,5.827,3.493,2.677,Christensen_Okaya_2007
A-30,mylonite,M,200,25,6.058,3.591,2.677,Christensen_Okaya_2007
A-30,mylonite,M,400,25,6.165,3.634,2.677,Christensen_Okaya_2007
A-30,mylonite,M,600,25,6.216,3.654,2.677,Christensen_Okaya_2007
A-30,mylonite,M,800,25,6.251,3.668,2.677,Christensen_Okaya_2007
A-30,mylonite,M,1000,25,6.279,3.68,2.677,Christensen_Okaya_2007
,,,,,,,,
A-31b,greywacke,S,20,25,5.576,3.462,2.705,Christensen_Okaya_2007
A-31b,greywacke,S,40,25,5.778,3.521,2.705,Christensen_Okaya_2007
A-31b,greywacke,S,60,25,5.9,3.559,2.705,Christensen_Okaya_2007
A-31b,greywacke,S,80,25,5.978,3.586,2.705,Christensen_Okaya_2007
A-31b,greywacke,S,100,25,6.031,3.605,2.705,Christensen_Okaya_2007
A-31b,greywacke,S,200,25,6.149,3.56,2.705,Christensen_Okaya_2007
A-31b,greywacke,S,400,25,6.232,3.676,2.705,Christensen_Okaya_2007
A-31b,greywacke,S,600,25,6.278,3.689,2.705,Christensen_Okaya_2007
A-31b,greywacke,S,800,25,6.311,3.698,2.705,Christensen_Okaya_2007
A-31b,greywacke,S,1000,25,6.337,3.705,2.705,Christensen_Okaya_2007
,,,,,,,,
A-32b,greywacke,S,20,25,5.454,3.327,2.756,Christensen_Okaya_2007
A-32b,greywacke,S,40,25,5.579,3.391,2.756,Christensen_Okaya_2007
A-32b,greywacke,S,60,25,5.661,3.433,2.756,Christensen_Okaya_2007
A-32b,greywacke,S,80,25,5.723,3.464,2.756,Christensen_Okaya_2007
A-32b,greywacke,S,100,25,5.774,3.487,2.756,Christensen_Okaya_2007
A-32b,greywacke,S,200,25,5.946,3.551,2.756,Christensen_Okaya_2007
A-32b,greywacke,S,400,25,6.118,3.594,2.756,Christensen_Okaya_2007
A-32b,greywacke,S,600,25,6.206,3.614,2.756,Christensen_Okaya_2007
A-32b,greywacke,S,800,25,6.261,3.627,2.756,Christensen_Okaya_2007
A-32b,greywacke,S,1000,25,6.301,3.637,2.756,Christensen_Okaya_2007
,,,,,,,,
A-33,greenschist,M,20,25,4.078,2.471,2.624,Christensen_Okaya_2007
A-33,greenschist,M,40,25,4.504,2.741,2.624,Christensen_Okaya_2007
A-33,greenschist,M,60,25,4.799,2.892,2.624,Christensen_Okaya_2007
A-33,greenschist,M,80,25,5.024,3.063,2.624,Christensen_Okaya_2007
A-33,greenschist,M,100,25,5.201,3.165,2.624,Christensen_Okaya_2007
A-33,greenschist,M,200,25,5.695,3.419,2.624,Christensen_Okaya_2007
A-33,greenschist,M,400,25,6.022,3.564,2.624,Christensen_Okaya_2007
A-33,greenschist,M,600,25,6.158,3.63,2.624,Christensen_Okaya_2007
A-33,greenschist,M,800,25,6.249,3.676,2.624,Christensen_Okaya_2007
A-33,greenschist,M,1000,25,6.32,3.711,2.624,Christensen_Okaya_2007
,,,,,,,,
A-34,greenschist,M,20,25,4.786,3.125,2.701,Christensen_Okaya_2007
A-34,greenschist,M,40,25,5.145,3.286,2.701,Christensen_Okaya_2007
A-34,greenschist,M,60,25,5.38,3.392,2.701,Christensen_Okaya_2007
A-34,greenschist,M,80,25,5.544,3.466,2.701,Christensen_Okaya_2007
A-34,greenschist,M,100,25,5.662,3.519,2.701,Christensen_Okaya_2007
A-34,greenschist,M,200,25,5.941,3.64,2.701,Christensen_Okaya_2007
A-34,greenschist,M,400,25,6.113,3.706,2.701,Christensen_Okaya_2007
A-34,greenschist,M,600,25,6.202,3.736,2.701,Christensen_Okaya_2007
A-34,greenschist,M,800,25,6.266,3.758,2.701,Christensen_Okaya_2007
A-34,greenschist,M,1000,25,6.316,3.775,2.701,Christensen_Okaya_2007
,,,,,,,,
A-35,greenschist,M,20,25,5.349,3.187,2.741,Christensen_Okaya_2007
A-35,greenschist,M,40,25,5.564,3.281,2.741,Christensen_Okaya_2007
A-35,greenschist,M,60,25,5.702,3.342,2.741,Christensen_Okaya_2007
A-35,greenschist,M,80,25,5.8,3.377,2.741,Christensen_Okaya_2007
A-35,greenschist,M,100,25,5.873,3.421,2.741,Christensen_Okaya_2007
A-35,greenschist,M,200,25,6.069,3.51,2.741,Christensen_Okaya_2007
A-35,greenschist,M,400,25,6.225,3.573,2.741,Christensen_Okaya_2007
A-35,greenschist,M,600,25,6.311,3.605,2.741,Christensen_Okaya_2007
A-35,greenschist,M,800,25,6.372,3.628,2.741,Christensen_Okaya_2007
A-35,greenschist,M,1000,25,6.42,3.646,2.741,Christensen_Okaya_2007
,,,,,,,,
A-36,greenschist,M,20,25,5.317,3.22,2.783,Christensen_Okaya_2007
A-36,greenschist,M,40,25,5.699,3.37,2.783,Christensen_Okaya_2007
A-36,greenschist,M,60,25,5.939,3.467,2.783,Christensen_Okaya_2007
A-36,greenschist,M,80,25,6.101,3.534,2.783,Christensen_Okaya_2007
A-36,greenschist,M,100,25,6.215,3.581,2.783,Christensen_Okaya_2007
A-36,greenschist,M,200,25,6.46,3.682,2.783,Christensen_Okaya_2007
A-36,greenschist,M,400,25,6.592,3.733,2.783,Christensen_Okaya_2007
A-36,greenschist,M,600,25,6.659,3.758,2.783,Christensen_Okaya_2007
A-36,greenschist,M,800,25,6.707,3.773,2.783,Christensen_Okaya_2007
A-36,greenschist,M,1000,25,6.745,3.786,2.783,Christensen_Okaya_2007
,,,,,,,,
A-37,greenschist,M,20,25,5.058,2.865,2.742,Christensen_Okaya_2007
A-37,greenschist,M,40,25,5.488,3.047,2.742,Christensen_Okaya_2007
A-37,greenschist,M,60,25,5.768,3.166,2.742,Christensen_Okaya_2007
A-37,greenschist,M,80,25,5.961,3.249,2.742,Christensen_Okaya_2007
A-37,greenschist,M,100,25,6.097,3.309,2.742,Christensen_Okaya_2007
A-37,greenschist,M,200,25,6.406,3.447,2.742,Christensen_Okaya_2007
A-37,greenschist,M,400,25,6.583,3.524,2.742,Christensen_Okaya_2007
A-37,greenschist,M,600,25,6.672,3.562,2.742,Christensen_Okaya_2007
A-37,greenschist,M,800,25,6.736,3.589,2.742,Christensen_Okaya_2007
A-37,greenschist,M,1000,25,6.787,3.61,2.742,Christensen_Okaya_2007
,,,,,,,,
A-38,greenschist,M,20,25,5.62,3.489,2.749,Christensen_Okaya_2007
A-38,greenschist,M,40,25,5.81,3.561,2.749,Christensen_Okaya_2007
A-38,greenschist,M,60,25,5.917,3.598,2.749,Christensen_Okaya_2007
A-38,greenschist,M,80,25,5.986,3.621,2.749,Christensen_Okaya_2007
A-38,greenschist,M,100,25,6.033,3.639,2.749,Christensen_Okaya_2007
A-38,greenschist,M,200,25,6.151,3.688,2.749,Christensen_Okaya_2007
A-38,greenschist,M,400,25,6.252,3.73,2.749,Christensen_Okaya_2007
A-38,greenschist,M,600,25,6.31,3.752,2.749,Christensen_Okaya_2007
A-38,greenschist,M,800,25,6.352,3.769,2.749,Christensen_Okaya_2007
A-38,greenschist,M,1000,25,6.385,3.781,2.749,Christensen_Okaya_2007
,,,,,,,,
A-39,greenschist,M,20,25,4.881,2.86,2.762,Christensen_Okaya_2007
A-39,greenschist,M,40,25,5.198,3.011,2.762,Christensen_Okaya_2007
A-39,greenschist,M,60,25,5.415,3.113,2.762,Christensen_Okaya_2007
A-39,greenschist,M,80,25,5.577,3.189,2.762,Christensen_Okaya_2007
A-39,greenschist,M,100,25,5.702,3.246,2.762,Christensen_Okaya_2007
A-39,greenschist,M,200,25,6.04,3.397,2.762,Christensen_Okaya_2007
A-39,greenschist,M,400,25,6.268,3.492,2.762,Christensen_Okaya_2007
A-39,greenschist,M,600,25,6.375,3.535,2.762,Christensen_Okaya_2007
A-39,greenschist,M,800,25,6.449,3.564,2.762,Christensen_Okaya_2007
A-39,greenschist,M,1000,25,6.508,3.587,2.762,Christensen_Okaya_2007
,,,,,,,,
A-40,schist,M,20,25,4.06,2.734,2.649,Christensen_Okaya_2007
A-40,schist,M,40,25,4.645,2.953,2.649,Christensen_Okaya_2007
A-40,schist,M,60,25,5.016,3.104,2.649,Christensen_Okaya_2007
A-40,schist,M,80,25,5.274,3.215,2.649,Christensen_Okaya_2007
A-40,schist,M,100,25,5.461,3.299,2.649,Christensen_Okaya_2007
A-40,schist,M,200,25,5.937,3.515,2.649,Christensen_Okaya_2007
A-40,schist,M,400,25,6.247,3.641,2.649,Christensen_Okaya_2007
A-40,schist,M,600,25,6.396,3.694,2.649,Christensen_Okaya_2007
A-40,schist,M,800,25,6.502,3.729,2.649,Christensen_Okaya_2007
A-40,schist,M,1000,25,6.587,3.757,2.649,Christensen_Okaya_2007
,,,,,,,,
A-41,amphibolite,M,20,25,3.883,2.432,2.955,Christensen_Okaya_2007
A-41,amphibolite,M,40,25,4.52,2.742,2.955,Christensen_Okaya_2007
A-41,amphibolite,M,60,25,4.981,2.959,2.955,Christensen_Okaya_2007
A-41,amphibolite,M,80,25,5.332,3.119,2.955,Christensen_Okaya_2007
A-41,amphibolite,M,100,25,5.604,3.239,2.955,Christensen_Okaya_2007
A-41,amphibolite,M,200,25,6.329,3.534,2.955,Christensen_Okaya_2007
A-41,amphibolite,M,400,25,6.746,3.688,2.955,Christensen_Okaya_2007
A-41,amphibolite,M,600,25,6.907,3.651,2.955,Christensen_Okaya_2007
A-41,amphibolite,M,800,25,7.014,3.794,2.955,Christensen_Okaya_2007
A-41,amphibolite,M,1000,25,7.098,3.828,2.955,Christensen_Okaya_2007
,,,,,,,,
A-42,greenschist,M,20,25,4.342,2.96,2.659,Christensen_Okaya_2007
A-42,greenschist,M,40,25,5.03,3.147,2.659,Christensen_Okaya_2007
A-42,greenschist,M,60,25,5.426,3.261,2.659,Christensen_Okaya_2007
A-42,greenschist,M,80,25,5.662,3.336,2.659,Christensen_Okaya_2007
A-42,greenschist,M,100,25,5.808,3.387,2.659,Christensen_Okaya_2007
A-42,greenschist,M,200,25,6.067,3.502,2.659,Christensen_Okaya_2007
A-42,greenschist,M,400,25,6.208,3.572,2.659,Christensen_Okaya_2007
A-42,greenschist,M,600,25,6.288,3.607,2.659,Christensen_Okaya_2007
A-42,greenschist,M,800,25,6.346,3.633,2.659,Christensen_Okaya_2007
A-42,greenschist,M,1000,25,6.392,3.649,2.659,Christensen_Okaya_2007
,,,,,,,,
A-43,greenschist,M,20,25,4.49,2.8,2.746,Christensen_Okaya_2007
A-43,greenschist,M,40,25,5.128,3.071,2.746,Christensen_Okaya_2007
A-43,greenschist,M,60,25,5.544,3.25,2.746,Christensen_Okaya_2007
A-43,greenschist,M,80,25,5.824,3.369,2.746,Christensen_Okaya_2007
A-43,greenschist,M,100,25,6.014,3.452,2.746,Christensen_Okaya_2007
A-43,greenschist,M,200,25,6.392,3.617,2.746,Christensen_Okaya_2007
A-43,greenschist,M,400,25,6.539,3.681,2.746,Christensen_Okaya_2007
A-43,greenschist,M,600,25,6.608,3.708,2.746,Christensen_Okaya_2007
A-43,greenschist,M,800,25,6.655,3.727,2.746,Christensen_Okaya_2007
A-43,greenschist,M,1000,25,6.692,3.742,2.746,Christensen_Okaya_2007
,,,,,,,,
A-44,schist,M,20,25,4.018,2.429,2.715,Christensen_Okaya_2007
A-44,schist,M,40,25,4.718,2.766,2.715,Christensen_Okaya_2007
A-44,schist,M,60,25,5.186,2.987,2.715,Christensen_Okaya_2007
A-44,schist,M,80,25,5.51,3.137,2.715,Christensen_Okaya_2007
A-44,schist,M,100,25,5.736,3.24,2.715,Christensen_Okaya_2007
A-44,schist,M,200,25,6.212,3.445,2.715,Christensen_Okaya_2007
A-44,schist,M,400,25,6.42,3.527,2.715,Christensen_Okaya_2007
A-44,schist,M,600,25,6.513,3.563,2.715,Christensen_Okaya_2007
A-44,schist,M,800,25,6.581,3.588,2.715,Christensen_Okaya_2007
A-44,schist,M,1000,25,6.635,3.608,2.715,Christensen_Okaya_2007
,,,,,,,,
A-45,schist,M,20,25,4.38,2.38,2.7,Christensen_Okaya_2007
A-45,schist,M,40,25,4.925,2.66,2.7,Christensen_Okaya_2007
A-45,schist,M,60,25,5.29,2.85,2.7,Christensen_Okaya_2007
A-45,schist,M,80,25,5.547,2.984,2.7,Christensen_Okaya_2007
A-45,schist,M,100,25,5.732,3.08,2.7,Christensen_Okaya_2007
A-45,schist,M,200,25,6.157,4.293,2.7,Christensen_Okaya_2007
A-45,schist,M,400,25,6.377,3.389,2.7,Christensen_Okaya_2007
A-45,schist,M,600,25,6.473,3.428,2.7,Christensen_Okaya_2007
A-45,schist,M,800,25,6.541,3.455,2.7,Christensen_Okaya_2007
A-45,schist,M,1000,25,6.594,3.476,2.7,Christensen_Okaya_2007
,,,,,,,,
A-46,gabbro,I,20,25,3.973,2.567,2.896,Christensen_Okaya_2007
A-46,gabbro,I,40,25,4.898,3.054,2.896,Christensen_Okaya_2007
A-46,gabbro,I,60,25,5.508,3.344,2.896,Christensen_Okaya_2007
A-46,gabbro,I,80,25,5.918,3.523,2.896,Christensen_Okaya_2007
A-46,gabbro,I,100,25,6.201,3.636,2.896,Christensen_Okaya_2007
A-46,gabbro,I,200,25,6.753,3.833,2.896,Christensen_Okaya_2007
A-46,gabbro,I,400,25,6.955,3.902,2.896,Christensen_Okaya_2007
A-46,gabbro,I,600,25,7.04,3.934,2.896,Christensen_Okaya_2007
A-46,gabbro,I,800,25,7.101,3.957,2.896,Christensen_Okaya_2007
A-46,gabbro,I,1000,25,7.149,3.975,2.896,Christensen_Okaya_2007
,,,,,,,,
A-47,gabbro,I,20,25,3.991,2.628,3.032,Christensen_Okaya_2007
A-47,gabbro,I,40,25,4.765,3.059,3.032,Christensen_Okaya_2007
A-47,gabbro,I,60,25,5.521,3.34,3.032,Christensen_Okaya_2007
A-47,gabbro,I,80,25,5.956,3.526,3.032,Christensen_Okaya_2007
A-47,gabbro,I,100,25,6.262,3.652,3.032,Christensen_Okaya_2007
A-47,gabbro,I,200,25,6.89,3.885,3.032,Christensen_Okaya_2007
A-47,gabbro,I,400,25,7.073,3.956,3.032,Christensen_Okaya_2007
A-47,gabbro,I,600,25,7.155,3.982,3.032,Christensen_Okaya_2007
A-47,gabbro,I,800,25,7.199,4.001,3.032,Christensen_Okaya_2007
A-47,gabbro,I,1000,25,7.233,4.015,3.032,Christensen_Okaya_2007
,,,,,,,,
A-48,gabbro,I,20,25,4.132,2.602,2.857,Christensen_Okaya_2007
A-48,gabbro,I,40,25,4.877,2.973,2.857,Christensen_Okaya_2007
A-48,gabbro,I,60,25,5.381,3.214,2.857,Christensen_Okaya_2007
A-48,gabbro,I,80,25,5.64,3.373,2.857,Christensen_Okaya_2007
A-48,gabbro,I,100,25,5.976,3.48,2.857,Christensen_Okaya_2007
A-48,gabbro,I,200,25,6.481,3.697,2.857,Christensen_Okaya_2007
A-48,gabbro,I,400,25,6.611,3.744,2.857,Christensen_Okaya_2007
A-48,gabbro,I,600,25,6.739,3.77,2.857,Christensen_Okaya_2007
A-48,gabbro,I,800,25,6.789,3.788,2.857,Christensen_Okaya_2007
A-48,gabbro,I,1000,25,6.829,3.802,2.857,Christensen_Okaya_2007
,,,,,,,,
A-49,greenschist,M,20,25,4.409,2.875,2.768,Christensen_Okaya_2007
A-49,greenschist,M,40,25,4.816,3.092,2.768,Christensen_Okaya_2007
A-49,greenschist,M,60,25,5.103,3.24,2.768,Christensen_Okaya_2007
A-49,greenschist,M,80,25,5.318,3.347,2.768,Christensen_Okaya_2007
A-49,greenschist,M,100,25,5.484,3.427,2.768,Christensen_Okaya_2007
A-49,greenschist,M,200,25,5.924,3.621,2.768,Christensen_Okaya_2007
A-49,greenschist,M,400,25,6.191,3.729,2.768,Christensen_Okaya_2007
A-49,greenschist,M,600,25,6.303,3.776,2.768,Christensen_Okaya_2007
A-49,greenschist,M,800,25,6.38,3.809,2.768,Christensen_Okaya_2007
A-49,greenschist,M,1000,25,6.44,3.834,2.768,Christensen_Okaya_2007
,,M,,,,,,
A-50,gneiss,M,20,25,4.197,2.599,2.679,Christensen_Okaya_2007
A-50,gneiss,M,40,25,4.689,2.895,2.679,Christensen_Okaya_2007
A-50,gneiss,M,60,25,5.032,3.091,2.679,Christensen_Okaya_2007
A-50,gneiss,M,80,25,5.279,3.225,2.679,Christensen_Okaya_2007
A-50,gneiss,M,100,25,5.461,3.319,2.679,Christensen_Okaya_2007
A-50,gneiss,M,200,25,5.882,3.515,2.679,Christensen_Okaya_2007
A-50,gneiss,M,400,25,6.067,3.602,2.679,Christensen_Okaya_2007
A-50,gneiss,M,600,25,6.153,3.642,2.679,Christensen_Okaya_2007
A-50,gneiss,M,800,25,6.206,3.67,2.679,Christensen_Okaya_2007
A-50,gneiss,M,1000,25,6.247,3.693,2.679,Christensen_Okaya_2007
,,M,,,,,,
A-51,greenschist,M,20,25,4.472,2.954,2.732,Christensen_Okaya_2007
A-51,greenschist,M,40,25,4.924,3.156,2.732,Christensen_Okaya_2007
A-51,greenschist,M,60,25,5.247,3.29,2.732,Christensen_Okaya_2007
A-51,greenschist,M,80,25,5.488,3.383,2.732,Christensen_Okaya_2007
A-51,greenschist,M,100,25,5.673,3.45,2.732,Christensen_Okaya_2007
A-51,greenschist,M,200,25,6.145,3.382,2.732,Christensen_Okaya_2007
A-51,greenschist,M,400,25,6.398,3.676,2.732,Christensen_Okaya_2007
A-51,greenschist,M,600,25,6.493,3.71,2.732,Christensen_Okaya_2007
A-51,greenschist,M,800,25,6.568,3.734,2.732,Christensen_Okaya_2007
A-51,greenschist,M,1000,25,6.609,3.753,2.732,Christensen_Okaya_2007
,,M,,,,,,
A-52,amphibolite,M,20,25,5.185,3.089,2.968,Christensen_Okaya_2007
A-52,amphibolite,M,40,25,5.558,3.222,2.968,Christensen_Okaya_2007
A-52,amphibolite,M,60,25,5.811,3.225,2.968,Christensen_Okaya_2007
A-52,amphibolite,M,80,25,5.993,3.378,2.968,Christensen_Okaya_2007
A-52,amphibolite,M,100,25,6.129,3.428,2.968,Christensen_Okaya_2007
A-52,amphibolite,M,200,25,6.463,3.562,2.968,Christensen_Okaya_2007
A-52,amphibolite,M,400,25,6.658,3.65,2.968,Christensen_Okaya_2007
A-52,amphibolite,M,600,25,6.75,3.689,2.968,Christensen_Okaya_2007
A-52,amphibolite,M,800,25,6.816,3.715,2.968,Christensen_Okaya_2007
A-52,amphibolite,M,1000,25,6.867,3.736,2.968,Christensen_Okaya_2007
,,M,,,,,,
A-53,amphibolite,M,20,25,4.06,2.515,3.03,Christensen_Okaya_2007
A-53,amphibolite,M,40,25,4.751,2.889,3.03,Christensen_Okaya_2007
A-53,amphibolite,M,60,25,5.246,3.145,3.03,Christensen_Okaya_2007
A-53,amphibolite,M,80,25,5.616,3.328,3.03,Christensen_Okaya_2007
A-53,amphibolite,M,100,25,5.896,3.459,3.03,Christensen_Okaya_2007
A-53,amphibolite,M,200,25,6.594,3.751,3.03,Christensen_Okaya_2007
A-53,amphibolite,M,400,25,7.155,3.881,3.03,Christensen_Okaya_2007
A-53,amphibolite,M,600,25,7.073,3.933,3.03,Christensen_Okaya_2007
A-53,amphibolite,M,800,25,7.159,3.969,3.03,Christensen_Okaya_2007
A-53,amphibolite,M,1000,25,7.227,3.998,3.03,Christensen_Okaya_2007
,,M,,,,,,
A-54,amphibolite,M,20,25,4.299,2.77,2.819,Christensen_Okaya_2007
A-54,amphibolite,M,40,25,5.056,3.017,2.819,Christensen_Okaya_2007
A-54,amphibolite,M,60,25,5.543,3.182,2.819,Christensen_Okaya_2007
A-54,amphibolite,M,80,25,5.862,3.295,2.819,Christensen_Okaya_2007
A-54,amphibolite,M,100,25,6.074,3.374,2.819,Christensen_Okaya_2007
A-54,amphibolite,M,200,25,6.463,3.534,2.819,Christensen_Okaya_2007
A-54,amphibolite,M,400,25,6.592,3.593,2.819,Christensen_Okaya_2007
A-54,amphibolite,M,600,25,6.646,3.616,2.819,Christensen_Okaya_2007
A-54,amphibolite,M,800,25,6.685,3.632,2.819,Christensen_Okaya_2007
A-54,amphibolite,M,1000,25,6.715,3.644,2.819,Christensen_Okaya_2007
,,M,,,,,,
A-55,schist,M,20,25,4.118,2.353,2.641,Christensen_Okaya_2007
A-55,schist,M,40,25,4.607,2.663,2.641,Christensen_Okaya_2007
A-55,schist,M,60,25,4.945,2.877,2.641,Christensen_Okaya_2007
A-55,schist,M,80,25,5.192,3.031,2.641,Christensen_Okaya_2007
A-55,schist,M,100,25,5.377,3.144,2.641,Christensen_Okaya_2007
A-55,schist,M,200,25,5.385,3.405,2.641,Christensen_Okaya_2007
A-55,schist,M,400,25,6.094,3.531,2.641,Christensen_Okaya_2007
A-55,schist,M,600,25,6.212,3.582,2.641,Christensen_Okaya_2007
A-55,schist,M,800,25,6.296,3.619,2.641,Christensen_Okaya_2007
A-55,schist,M,1000,25,6.362,3.642,2.641,Christensen_Okaya_2007
,,M,,,,,,
A-79,amphibolite,M,20,25,4.226,2.502,2.911,Christensen_Okaya_2007
A-79,amphibolite,M,40,25,4.809,2.77,2.911,Christensen_Okaya_2007
A-79,amphibolite,M,60,25,5.222,2.953,2.911,Christensen_Okaya_2007
A-79,amphibolite,M,80,25,5.527,3.085,2.911,Christensen_Okaya_2007
A-79,amphibolite,M,100,25,5.754,3.181,2.911,Christensen_Okaya_2007
A-79,amphibolite,M,200,25,6.298,3.4,2.911,Christensen_Okaya_2007
A-79,amphibolite,M,400,25,6.549,3.503,2.911,Christensen_Okaya_2007
A-79,amphibolite,M,600,25,6.638,3.545,2.911,Christensen_Okaya_2007
A-79,amphibolite,M,800,25,6.699,3.574,2.911,Christensen_Okaya_2007
A-79,amphibolite,M,1000,25,6.746,3.382,2.911,Christensen_Okaya_2007
,,M,,,,,,
A-90,greenschist,M,20,25,4.332,2.771,2.512,Christensen_Okaya_2007
A-90,greenschist,M,40,25,4.546,2.885,2.512,Christensen_Okaya_2007
A-90,greenschist,M,60,25,4.682,2.959,2.512,Christensen_Okaya_2007
A-90,greenschist,M,80,25,4.782,3.015,2.512,Christensen_Okaya_2007
A-90,greenschist,M,100,25,5.862,3.056,2.512,Christensen_Okaya_2007
A-90,greenschist,M,200,25,5.119,3.181,2.512,Christensen_Okaya_2007
A-90,greenschist,M,400,25,5.372,3.285,2.512,Christensen_Okaya_2007
A-90,greenschist,M,600,25,5.511,3.341,2.512,Christensen_Okaya_2007
A-90,greenschist,M,800,25,5.606,3.38,2.512,Christensen_Okaya_2007
A-90,greenschist,M,1000,25,5.679,3.411,2.512,Christensen_Okaya_2007
,,,,,,,,
A-301,greywacke,S,20,25,5.14,3.18,2.71,Christensen_Okaya_2007
A-301,greywacke,S,40,25,5.343,3.212,2.71,Christensen_Okaya_2007
A-301,greywacke,S,60,25,5.405,3.231,2.71,Christensen_Okaya_2007
A-301,greywacke,S,80,25,5.451,3.246,2.71,Christensen_Okaya_2007
A-301,greywacke,S,100,25,5.488,3.258,2.71,Christensen_Okaya_2007
A-301,greywacke,S,200,25,5.609,3.299,2.71,Christensen_Okaya_2007
A-301,greywacke,S,400,25,5.742,3.346,2.71,Christensen_Okaya_2007
A-301,greywacke,S,600,25,5.824,3.375,2.71,Christensen_Okaya_2007
A-301,greywacke,S,800,25,5.882,3.397,2.71,Christensen_Okaya_2007
A-301,greywacke,S,1000,25,5.927,3.414,2.71,Christensen_Okaya_2007
,,,,,,,,
A-302,greywacke,S,20,25,3.769,2.45,2.71,Christensen_Okaya_2007
A-302,greywacke,S,40,25,4.059,2.568,2.71,Christensen_Okaya_2007
A-302,greywacke,S,60,25,4.26,2.648,2.71,Christensen_Okaya_2007
A-302,greywacke,S,80,25,4.387,2.708,2.71,Christensen_Okaya_2007
A-302,greywacke,S,100,25,4.359,2.755,2.71,Christensen_Okaya_2007
A-302,greywacke,S,200,25,4.912,2.89,2.71,Christensen_Okaya_2007
A-302,greywacke,S,400,25,5.197,2.987,2.71,Christensen_Okaya_2007
A-302,greywacke,S,600,25,5.326,3.033,2.71,Christensen_Okaya_2007
A-302,greywacke,S,800,25,5.413,3.065,2.71,Christensen_Okaya_2007
A-302,greywacke,S,1000,25,5.481,3.089,2.71,Christensen_Okaya_2007
,,,,,,,,
A-303,mudstone,S,20,25,5.362,3.219,2.596,Christensen_Okaya_2007
A-303,mudstone,S,40,25,5.439,3.236,2.596,Christensen_Okaya_2007
A-303,mudstone,S,60,25,5.488,3.248,2.596,Christensen_Okaya_2007
A-303,mudstone,S,80,25,5.523,3.257,2.596,Christensen_Okaya_2007
A-303,mudstone,S,100,25,5.565,3.264,2.596,Christensen_Okaya_2007
A-303,mudstone,S,200,25,5.64,3.285,2.596,Christensen_Okaya_2007
A-303,mudstone,S,400,25,5.725,3.3,2.596,Christensen_Okaya_2007
A-303,mudstone,S,600,25,5.769,3.307,2.596,Christensen_Okaya_2007
A-303,mudstone,S,800,25,5.797,3.312,2.596,Christensen_Okaya_2007
A-303,mudstone,S,1000,25,5.817,3.315,2.596,Christensen_Okaya_2007
,,,,,,,,
BM961,eclogite,M,20,25,6.205,3.692,3.314,Zhao_et_al_2011
BM961,eclogite,M,40,25,6.504,3.811,3.314,Zhao_et_al_2011
BM961,eclogite,M,60,25,6.702,3.893,3.314,Zhao_et_al_2011
BM961,eclogite,M,80,25,6.845,3.953,3.314,Zhao_et_al_2011
BM961,eclogite,M,100,25,6.95,3.998,3.314,Zhao_et_al_2011
BM961,eclogite,M,200,25,7.218,4.108,3.314,Zhao_et_al_2011
BM961,eclogite,M,400,25,7.393,4.166,3.314,Zhao_et_al_2011
BM961,eclogite,M,600,25,7.48,4.186,3.314,Zhao_et_al_2011
BM961,eclogite,M,800,25,7.542,4.2,3.314,Zhao_et_al_2011
BM961,eclogite,M,1000,25,7.59,4.211,3.314,Zhao_et_al_2011
,,,,,,,,
BX01-5,eclogite,M,20,25,7.116,4.174,3.375,Zhao_et_al_2011
BX01-5,eclogite,M,40,25,7.268,4.283,3.375,Zhao_et_al_2011
BX01-5,eclogite,M,60,25,7.383,4.358,3.375,Zhao_et_al_2011
BX01-5,eclogite,M,80,25,7.475,4.414,3.375,Zhao_et_al_2011
BX01-5,eclogite,M,100,25,7.551,4.458,3.375,Zhao_et_al_2011
BX01-5,eclogite,M,200,25,7.781,4.574,3.375,Zhao_et_al_2011
BX01-5,eclogite,M,400,25,7.937,4.648,3.375,Zhao_et_al_2011
BX01-5,eclogite,M,600,25,7.986,4.679,3.375,Zhao_et_al_2011
BX01-5,eclogite,M,800,25,8.012,4.699,3.375,Zhao_et_al_2011
BX01-5,eclogite,M,1000,25,8.03,4.715,3.375,Zhao_et_al_2011
,,,,,,,,
BX962,eclogite,M,20,25,6.509,3.95,3.376,Zhao_et_al_2011
BX962,eclogite,M,40,25,6.769,4.084,3.376,Zhao_et_al_2011
BX962,eclogite,M,60,25,6.958,4.175,3.376,Zhao_et_al_2011
BX962,eclogite,M,80,25,7.105,4.245,3.376,Zhao_et_al_2011
BX962,eclogite,M,100,25,7.222,4.3,3.376,Zhao_et_al_2011
BX962,eclogite,M,200,25,7.553,4.458,3.376,Zhao_et_al_2011
BX962,eclogite,M,400,25,7.761,4.57,3.376,Zhao_et_al_2011
BX962,eclogite,M,600,25,7.834,4.619,3.376,Zhao_et_al_2011
BX962,eclogite,M,800,25,7.878,4.652,3.376,Zhao_et_al_2011
BX962,eclogite,M,1000,25,7.911,4.677,3.376,Zhao_et_al_2011
,,,,,,,,
MW01-2,eclogite,M,20,25,7.248,4.151,3.574,Zhao_et_al_2011
MW01-2,eclogite,M,40,25,7.469,4.265,3.574,Zhao_et_al_2011
MW01-2,eclogite,M,60,25,7.613,4.338,3.574,Zhao_et_al_2011
MW01-2,eclogite,M,80,25,7.714,4.389,3.574,Zhao_et_al_2011
MW01-2,eclogite,M,100,25,7.786,4.426,3.574,Zhao_et_al_2011
MW01-2,eclogite,M,200,25,7.659,4.513,3.574,Zhao_et_al_2011
MW01-2,eclogite,M,400,25,8.062,4.567,3.574,Zhao_et_al_2011
MW01-2,eclogite,M,600,25,8.112,4.594,3.574,Zhao_et_al_2011
MW01-2,eclogite,M,800,25,8.146,4.613,3.574,Zhao_et_al_2011
MW01-2,eclogite,M,1000,25,8.174,4.628,3.574,Zhao_et_al_2011
,,,,,,,,
MW01-1,eclogite,M,20,25,7.41,4.259,3.476,Zhao_et_al_2011
MW01-1,eclogite,M,40,25,7.575,4.374,3.476,Zhao_et_al_2011
MW01-1,eclogite,M,60,25,7.665,4.437,3.476,Zhao_et_al_2011
MW01-1,eclogite,M,80,25,7.743,4.475,3.476,Zhao_et_al_2011
MW01-1,eclogite,M,100,25,7.793,4.501,3.476,Zhao_et_al_2011
MW01-1,eclogite,M,200,25,7.932,4.56,3.476,Zhao_et_al_2011
MW01-1,eclogite,M,400,25,8.031,4.608,3.476,Zhao_et_al_2011
MW01-1,eclogite,M,600,25,8.084,4.636,3.476,Zhao_et_al_2011
MW01-1,eclogite,M,800,25,8.12,4.655,3.476,Zhao_et_al_2011
MW01-1,eclogite,M,1000,25,8.147,4.67,3.476,Zhao_et_al_2011
,,,,,,,,
SH965,eclogite,M,20,25,7.352,4.28,3.361,Zhao_et_al_2011
SH965,eclogite,M,40,25,7.415,4.339,3.361,Zhao_et_al_2011
SH965,eclogite,M,60,25,7.501,4.374,3.361,Zhao_et_al_2011
SH965,eclogite,M,80,25,7.53,4.396,3.361,Zhao_et_al_2011
SH965,eclogite,M,100,25,7.549,4.395,3.361,Zhao_et_al_2011
SH965,eclogite,M,200,25,7.596,4.44,3.361,Zhao_et_al_2011
SH965,eclogite,M,400,25,7.638,4.456,3.361,Zhao_et_al_2011
SH965,eclogite,M,600,25,7.66,4.462,3.361,Zhao_et_al_2011
SH965,eclogite,M,800,25,7.676,4.467,3.361,Zhao_et_al_2011
SH965,eclogite,M,1000,25,7.688,4.471,3.361,Zhao_et_al_2011
,,,,,,,,
SH967,eclogite,M,20,25,6.785,4.057,3.501,Zhao_et_al_2011
SH967,eclogite,M,40,25,7.059,4.152,3.501,Zhao_et_al_2011
SH967,eclogite,M,60,25,7.254,4.222,3.501,Zhao_et_al_2011
SH967,eclogite,M,80,25,7.4,4.276,3.501,Zhao_et_al_2011
SH967,eclogite,M,100,25,7.514,4.319,3.501,Zhao_et_al_2011
SH967,eclogite,M,200,25,7.815,4.436,3.501,Zhao_et_al_2011
SH967,eclogite,M,400,25,7.986,4.503,3.501,Zhao_et_al_2011
SH967,eclogite,M,600,25,8.051,4.524,3.501,Zhao_et_al_2011
SH967,eclogite,M,800,25,8.093,4.537,3.501,Zhao_et_al_2011
SH967,eclogite,M,1000,25,8.125,4.546,3.501,Zhao_et_al_2011
,,,,,,,,
SM961,eclogite,M,20,25,7.511,4.358,3.591,Zhao_et_al_2011
SM961,eclogite,M,40,25,7.747,4.426,3.591,Zhao_et_al_2011
SM961,eclogite,M,60,25,7.884,4.464,3.591,Zhao_et_al_2011
SM961,eclogite,M,80,25,7.967,4.487,3.591,Zhao_et_al_2011
SM961,eclogite,M,100,25,8.02,4.502,3.591,Zhao_et_al_2011
SM961,eclogite,M,200,25,8.117,4.532,3.591,Zhao_et_al_2011
SM961,eclogite,M,400,25,8.165,4.551,3.591,Zhao_et_al_2011
SM961,eclogite,M,600,25,8.189,4.559,3.591,Zhao_et_al_2011
SM961,eclogite,M,800,25,8.206,4.565,3.591,Zhao_et_al_2011
SM961,eclogite,M,1000,25,8.219,4.57,3.591,Zhao_et_al_2011
,,,,,,,,
SM969,eclogite,M,20,25,7.962,4.434,3.578,Zhao_et_al_2011
SM969,eclogite,M,40,25,7.852,4.53,3.578,Zhao_et_al_2011
SM969,eclogite,M,60,25,7.964,4.588,3.578,Zhao_et_al_2011
SM969,eclogite,M,80,25,8.046,4.624,3.578,Zhao_et_al_2011
SM969,eclogite,M,100,25,8.108,4.649,3.578,Zhao_et_al_2011
SM969,eclogite,M,200,25,8.261,4.702,3.578,Zhao_et_al_2011
SM969,eclogite,M,400,25,8.339,4.736,3.578,Zhao_et_al_2011
SM969,eclogite,M,600,25,8.369,4.754,3.578,Zhao_et_al_2011
SM969,eclogite,M,800,25,8.389,4.767,3.578,Zhao_et_al_2011
SM969,eclogite,M,1000,25,8.405,4.777,3.578,Zhao_et_al_2011
,,,,,,,,
WM962,eclogite,M,20,25,7.071,4.277,3.397,Zhao_et_al_2011
WM962,eclogite,M,40,25,7.399,4.398,3.397,Zhao_et_al_2011
WM962,eclogite,M,60,25,7.617,4.477,3.397,Zhao_et_al_2011
WM962,eclogite,M,80,25,7.767,4.532,3.397,Zhao_et_al_2011
WM962,eclogite,M,100,25,7.873,4.57,3.397,Zhao_et_al_2011
WM962,eclogite,M,200,25,8.091,4.653,3.397,Zhao_et_al_2011
WM962,eclogite,M,400,25,8.177,4.694,3.397,Zhao_et_al_2011
WM962,eclogite,M,600,25,8.213,4.714,3.397,Zhao_et_al_2011
WM962,eclogite,M,800,25,8.237,4.728,3.397,Zhao_et_al_2011
WM962,eclogite,M,1000,25,8.256,4.739,3.397,Zhao_et_al_2011
,,,,,,,,
YT963,eclogite,M,20,25,6.991,4.136,3.397,Zhao_et_al_2011
YT963,eclogite,M,40,25,7.126,4.184,3.397,Zhao_et_al_2011
YT963,eclogite,M,60,25,7.223,4.218,3.397,Zhao_et_al_2011
YT963,eclogite,M,80,25,7.299,4.243,3.397,Zhao_et_al_2011
YT963,eclogite,M,100,25,7.361,4.264,3.397,Zhao_et_al_2011
YT963,eclogite,M,200,25,7.548,4.327,3.397,Zhao_et_al_2011
YT963,eclogite,M,400,25,7.68,4.375,3.397,Zhao_et_al_2011
YT963,eclogite,M,600,25,7.728,4.395,3.397,Zhao_et_al_2011
YT963,eclogite,M,800,25,7.757,4.406,3.397,Zhao_et_al_2011
YT963,eclogite,M,1000,25,7.778,4.415,3.397,Zhao_et_al_2011
,,,,,,,,
LJ01-1,kyanitite,M,20,25,8.141,4.869,3.582,Zhao_et_al_2011
LJ01-1,kyanitite,M,40,25,8.369,4.995,3.582,Zhao_et_al_2011
LJ01-1,kyanitite,M,60,25,8.535,5.082,3.582,Zhao_et_al_2011
LJ01-1,kyanitite,M,80,25,8.665,5.144,3.582,Zhao_et_al_2011
LJ01-1,kyanitite,M,100,25,8.768,5.192,3.582,Zhao_et_al_2011
LJ01-1,kyanitite,M,200,25,9.099,5.314,3.582,Zhao_et_al_2011
LJ01-1,kyanitite,M,400,25,9.244,5.386,3.582,Zhao_et_al_2011
LJ01-1,kyanitite,M,600,25,9.306,5.41,3.582,Zhao_et_al_2011
LJ01-1,kyanitite,M,800,25,9.342,5.425,3.582,Zhao_et_al_2011
LJ01-1,kyanitite,M,1000,25,9.37,5.437,3.582,Zhao_et_al_2011
,,,,,,,,
MW01-3,pyroxenite,M,20,25,6.64,3.917,3.294,Zhao_et_al_2011
MW01-3,pyroxenite,M,40,25,6.819,3.957,3.294,Zhao_et_al_2011
MW01-3,pyroxenite,M,60,25,6.909,3.985,3.294,Zhao_et_al_2011
MW01-3,pyroxenite,M,80,25,6.962,4.005,3.294,Zhao_et_al_2011
MW01-3,pyroxenite,M,100,25,6.998,4.021,3.294,Zhao_et_al_2011
MW01-3,pyroxenite,M,200,25,7.094,4.068,3.294,Zhao_et_al_2011
MW01-3,pyroxenite,M,400,25,7.188,4.104,3.294,Zhao_et_al_2011
MW01-3,pyroxenite,M,600,25,7.244,4.125,3.294,Zhao_et_al_2011
MW01-3,pyroxenite,M,800,25,7.283,4.13,3.294,Zhao_et_al_2011
MW01-3,pyroxenite,M,1000,25,7.314,4.138,3.294,Zhao_et_al_2011
,,,,,,,,
XD01-1,pyroxenite,M,20,25,7.198,4.01,3.221,Zhao_et_al_2011
XD01-1,pyroxenite,M,40,25,7.303,4.085,3.221,Zhao_et_al_2011
XD01-1,pyroxenite,M,60,25,7.374,4.127,3.221,Zhao_et_al_2011
XD01-1,pyroxenite,M,80,25,7.4,4.154,3.221,Zhao_et_al_2011
XD01-1,pyroxenite,M,100,25,7.424,4.172,3.221,Zhao_et_al_2011
XD01-1,pyroxenite,M,200,25,7.475,4.214,3.221,Zhao_et_al_2011
XD01-1,pyroxenite,M,400,25,7.505,4.247,3.221,Zhao_et_al_2011
XD01-1,pyroxenite,M,600,25,7.519,4.264,3.221,Zhao_et_al_2011
XD01-1,pyroxenite,M,800,25,7.528,4.275,3.221,Zhao_et_al_2011
XD01-1,pyroxenite,M,1000,25,7.535,4.284,3.221,Zhao_et_al_2011
,,,,,,,,
BX01-2,eclogite,M,20,25,6.517,3.833,3.175,Zhao_et_al_2011
BX01-2,eclogite,M,40,25,6.639,3.933,3.175,Zhao_et_al_2011
BX01-2,eclogite,M,60,25,6.725,3.995,3.175,Zhao_et_al_2011
BX01-2,eclogite,M,80,25,6.792,4.036,3.175,Zhao_et_al_2011
BX01-2,eclogite,M,100,25,6.845,4.064,3.175,Zhao_et_al_2011
BX01-2,eclogite,M,200,25,6.994,4.125,3.175,Zhao_et_al_2011
BX01-2,eclogite,M,400,25,7.09,4.162,3.175,Zhao_et_al_2011
BX01-2,eclogite,M,600,25,7.127,4.18,3.175,Zhao_et_al_2011
BX01-2,eclogite,M,800,25,7.15,4.192,3.175,Zhao_et_al_2011
BX01-2,eclogite,M,1000,25,7.168,4.202,3.175,Zhao_et_al_2011
,,,,,,,,
CD962,eclogite,M,20,25,7.048,4.104,3.277,Zhao_et_al_2011
CD962,eclogite,M,40,25,7.19,4.197,3.277,Zhao_et_al_2011
CD962,eclogite,M,60,25,7.285,4.252,3.277,Zhao_et_al_2011
CD962,eclogite,M,80,25,7.354,4.287,3.277,Zhao_et_al_2011
CD962,eclogite,M,100,25,7.406,4.311,3.277,Zhao_et_al_2011
CD962,eclogite,M,200,25,7.542,4.363,3.277,Zhao_et_al_2011
CD962,eclogite,M,400,25,7.63,4.395,3.277,Zhao_et_al_2011
CD962,eclogite,M,600,25,7.67,4.411,3.277,Zhao_et_al_2011
CD962,eclogite,M,800,25,7.698,4.423,3.277,Zhao_et_al_2011
CD962,eclogite,M,1000,25,7.72,4.431,3.277,Zhao_et_al_2011
,,,,,,,,
GQ961,eclogite,M,20,25,6.561,3.948,3.453,Zhao_et_al_2011
GQ961,eclogite,M,40,25,6.836,4.065,3.453,Zhao_et_al_2011
GQ961,eclogite,M,60,25,7.015,4.14,3.453,Zhao_et_al_2011
GQ961,eclogite,M,80,25,7.14,4.192,3.453,Zhao_et_al_2011
GQ961,eclogite,M,100,25,7.32,4.229,3.453,Zhao_et_al_2011
GQ961,eclogite,M,200,25,7.448,4.314,3.453,Zhao_et_al_2011
GQ961,eclogite,M,400,25,7.548,4.366,3.453,Zhao_et_al_2011
GQ961,eclogite,M,600,25,7.648,4.393,3.453,Zhao_et_al_2011
GQ961,eclogite,M,800,25,7.692,4.413,3.453,Zhao_et_al_2011
GQ961,eclogite,M,1000,25,7.726,4.428,3.453,Zhao_et_al_2011
,,,,,,,,
HZ964,eclogite,M,20,25,6.638,3.876,3.217,Zhao_et_al_2011
HZ964,eclogite,M,40,25,6.801,3.934,3.217,Zhao_et_al_2011
HZ964,eclogite,M,60,25,6.908,3.973,3.217,Zhao_et_al_2011
HZ964,eclogite,M,80,25,6.985,4.001,3.217,Zhao_et_al_2011
HZ964,eclogite,M,100,25,7.042,4.024,3.217,Zhao_et_al_2011
HZ964,eclogite,M,200,25,7.191,4.09,3.217,Zhao_et_al_2011
HZ964,eclogite,M,400,25,7.291,4.141,3.217,Zhao_et_al_2011
HZ964,eclogite,M,600,25,7.34,4.166,3.217,Zhao_et_al_2011
HZ964,eclogite,M,800,25,7.374,4.183,3.217,Zhao_et_al_2011
HZ964,eclogite,M,1000,25,7.4,4.196,3.217,Zhao_et_al_2011
,,,,,,,,
HZ967,eclogite,M,20,25,6.284,3.737,3.1,Zhao_et_al_2011
HZ967,eclogite,M,40,25,6.468,3.744,3.1,Zhao_et_al_2011
HZ967,eclogite,M,60,25,6.597,3.811,3.1,Zhao_et_al_2011
HZ967,eclogite,M,80,25,6.69,3.855,3.1,Zhao_et_al_2011
HZ967,eclogite,M,100,25,6.759,3.886,3.1,Zhao_et_al_2011
HZ967,eclogite,M,200,25,6.923,3.954,3.1,Zhao_et_al_2011
HZ967,eclogite,M,400,25,6.997,3.981,3.1,Zhao_et_al_2011
HZ967,eclogite,M,600,25,7.024,4.012,3.1,Zhao_et_al_2011
HZ967,eclogite,M,800,25,7.042,4.025,3.1,Zhao_et_al_2011
HZ967,eclogite,M,1000,25,7.056,4.036,3.1,Zhao_et_al_2011
,,,,,,,,
XD962,eclogite,M,20,25,6.854,4.12,3.433,Zhao_et_al_2011
XD962,eclogite,M,40,25,7.116,4.213,3.433,Zhao_et_al_2011
XD962,eclogite,M,60,25,7.273,4.272,3.433,Zhao_et_al_2011
XD962,eclogite,M,80,25,7.376,4.312,3.433,Zhao_et_al_2011
XD962,eclogite,M,100,25,7.447,4.339,3.433,Zhao_et_al_2011
XD962,eclogite,M,200,25,7.613,4.394,3.433,Zhao_et_al_2011
XD962,eclogite,M,400,25,7.738,4.417,3.433,Zhao_et_al_2011
XD962,eclogite,M,600,25,7.796,4.426,3.433,Zhao_et_al_2011
XD962,eclogite,M,800,25,7.843,4.431,3.433,Zhao_et_al_2011
XD962,eclogite,M,1000,25,7.879,4.436,3.433,Zhao_et_al_2011
,,,,,,,,
XD966,eclogite,M,20,25,5.884,3.782,3.101,Zhao_et_al_2011
XD966,eclogite,M,40,25,6.187,3.912,3.101,Zhao_et_al_2011
XD966,eclogite,M,60,25,6.402,4.006,3.101,Zhao_et_al_2011
XD966,eclogite,M,80,25,6.563,4.078,3.101,Zhao_et_al_2011
XD966,eclogite,M,100,25,6.689,4.135,3.101,Zhao_et_al_2011
XD966,eclogite,M,200,25,7.02,4.283,3.101,Zhao_et_al_2011
XD966,eclogite,M,400,25,7.205,4.363,3.101,Zhao_et_al_2011
XD966,eclogite,M,600,25,7.274,4.389,3.101,Zhao_et_al_2011
XD966,eclogite,M,800,25,7.32,4.405,3.101,Zhao_et_al_2011
XD966,eclogite,M,1000,25,7.355,4.417,3.101,Zhao_et_al_2011
,,,,,,,,
XH961,eclogite,M,20,25,6.741,4.001,3.27,Zhao_et_al_2011
XH961,eclogite,M,40,25,6.925,4.056,3.27,Zhao_et_al_2011
XH961,eclogite,M,60,25,7.048,4.093,3.27,Zhao_et_al_2011
XH961,eclogite,M,80,25,7.137,4.121,3.27,Zhao_et_al_2011
XH961,eclogite,M,100,25,7.204,4.144,3.27,Zhao_et_al_2011
XH961,eclogite,M,200,25,7.378,4.212,3.27,Zhao_et_al_2011
XH961,eclogite,M,400,25,7.492,4.265,3.27,Zhao_et_al_2011
XH961,eclogite,M,600,25,7.543,4.289,3.27,Zhao_et_al_2011
XH961,eclogite,M,800,25,7.579,4.304,3.27,Zhao_et_al_2011
XH961,eclogite,M,1000,25,7.607,4.315,3.27,Zhao_et_al_2011
,,,,,,,,
ZJ01-1,eclogite,M,20,25,6.815,4.003,3.298,Zhao_et_al_2011
ZJ01-1,eclogite,M,40,25,7.046,4.097,3.298,Zhao_et_al_2011
ZJ01-1,eclogite,M,60,25,7.203,4.164,3.298,Zhao_et_al_2011
ZJ01-1,eclogite,M,80,25,7.314,4.216,3.298,Zhao_et_al_2011
ZJ01-1,eclogite,M,100,25,7.395,4.256,3.298,Zhao_et_al_2011
ZJ01-1,eclogite,M,200,25,7.582,4.364,3.298,Zhao_et_al_2011
ZJ01-1,eclogite,M,400,25,7.674,4.421,3.298,Zhao_et_al_2011
ZJ01-1,eclogite,M,600,25,7.712,4.44,3.298,Zhao_et_al_2011
ZJ01-1,eclogite,M,800,25,7.739,4.451,3.298,Zhao_et_al_2011
ZJ01-1,eclogite,M,1000,25,7.759,4.46,3.298,Zhao_et_al_2011
,,,,,,,,
HL963,granulite,M,20,25,5.059,2.934,2.848,Zhao_et_al_2011
HL963,granulite,M,40,25,5.361,3.086,2.848,Zhao_et_al_2011
HL963,granulite,M,60,25,5.565,3.184,2.848,Zhao_et_al_2011
HL963,granulite,M,80,25,5.712,3.253,2.848,Zhao_et_al_2011
HL963,granulite,M,100,25,5.82,3.3,2.848,Zhao_et_al_2011
HL963,granulite,M,200,25,6.076,3.399,2.848,Zhao_et_al_2011
HL963,granulite,M,400,25,6.215,3.447,2.848,Zhao_et_al_2011
HL963,granulite,M,600,25,6.278,3.47,2.848,Zhao_et_al_2011
HL963,granulite,M,800,25,6.322,3.486,2.848,Zhao_et_al_2011
HL963,granulite,M,1000,25,6.356,3.498,2.848,Zhao_et_al_2011
,,,,,,,,
HL968,granulite,M,20,25,6.33,3.599,3.117,Zhao_et_al_2011
HL968,granulite,M,40,25,6.454,3.647,3.117,Zhao_et_al_2011
HL968,granulite,M,60,25,6.536,3.677,3.117,Zhao_et_al_2011
HL968,granulite,M,80,25,6.595,3.698,3.117,Zhao_et_al_2011
HL968,granulite,M,100,25,6.639,3.712,3.117,Zhao_et_al_2011
HL968,granulite,M,200,25,6.756,3.75,3.117,Zhao_et_al_2011
HL968,granulite,M,400,25,6.833,3.778,3.117,Zhao_et_al_2011
HL968,granulite,M,600,25,6.866,3.792,3.117,Zhao_et_al_2011
HL968,granulite,M,800,25,6.887,3.802,3.117,Zhao_et_al_2011
HL968,granulite,M,1000,25,6.903,3.808,3.117,Zhao_et_al_2011
,,,,,,,,
HL969,granulite,M,20,25,6.033,3.41,3.108,Zhao_et_al_2011
HL969,granulite,M,40,25,6.222,3.481,3.108,Zhao_et_al_2011
HL969,granulite,M,60,25,6.344,3.528,3.108,Zhao_et_al_2011
HL969,granulite,M,80,25,6.429,3.561,3.108,Zhao_et_al_2011
HL969,granulite,M,100,25,6.491,3.585,3.108,Zhao_et_al_2011
HL969,granulite,M,200,25,6.654,3.637,3.108,Zhao_et_al_2011
HL969,granulite,M,400,25,6.753,3.663,3.108,Zhao_et_al_2011
HL969,granulite,M,600,25,6.808,3.675,3.108,Zhao_et_al_2011
HL969,granulite,M,800,25,6.848,3.683,3.108,Zhao_et_al_2011
HL969,granulite,M,1000,25,6.878,3.689,3.108,Zhao_et_al_2011
,,,,,,,,
QJ961,amphibolite,M,20,25,5.204,3.107,3.073,Zhao_et_al_2011
QJ961,amphibolite,M,40,25,5.555,3.322,3.073,Zhao_et_al_2011
QJ961,amphibolite,M,60,25,5.799,3.467,3.073,Zhao_et_al_2011
QJ961,amphibolite,M,80,25,5.978,3.568,3.073,Zhao_et_al_2011
QJ961,amphibolite,M,100,25,6.112,3.64,3.073,Zhao_et_al_2011
QJ961,amphibolite,M,200,25,6.442,3.795,3.073,Zhao_et_al_2011
QJ961,amphibolite,M,400,25,6.617,3.862,3.073,Zhao_et_al_2011
QJ961,amphibolite,M,600,25,6.687,3.888,3.073,Zhao_et_al_2011
QJ961,amphibolite,M,800,25,6.735,3.906,3.073,Zhao_et_al_2011
QJ961,amphibolite,M,1000,25,6.772,3.919,3.073,Zhao_et_al_2011
,,,,,,,,
BX01-6,amphibolite,M,20,25,6.269,3.671,3.007,Zhao_et_al_2011
BX01-6,amphibolite,M,40,25,6.48,3.745,3.007,Zhao_et_al_2011
BX01-6,amphibolite,M,60,25,6.597,3.798,3.007,Zhao_et_al_2011
BX01-6,amphibolite,M,80,25,6.704,3.839,3.007,Zhao_et_al_2011
BX01-6,amphibolite,M,100,25,6.788,3.871,3.007,Zhao_et_al_2011
BX01-6,amphibolite,M,200,25,7.028,3.962,3.007,Zhao_et_al_2011
BX01-6,amphibolite,M,400,25,7.129,4.019,3.007,Zhao_et_al_2011
BX01-6,amphibolite,M,600,25,7.233,4.04,3.007,Zhao_et_al_2011
BX01-6,amphibolite,M,800,25,7.266,4.053,3.007,Zhao_et_al_2011
BX01-6,amphibolite,M,1000,25,7.292,4.063,3.007,Zhao_et_al_2011
,,,,,,,,
LW965,serpentinite,M,20,25,5.736,2.91,2.618,Zhao_et_al_2011
LW965,serpentinite,M,40,25,5.767,2.921,2.618,Zhao_et_al_2011
LW965,serpentinite,M,60,25,5.788,2.933,2.618,Zhao_et_al_2011
LW965,serpentinite,M,80,25,5.805,2.938,2.618,Zhao_et_al_2011
LW965,serpentinite,M,100,25,5.82,2.942,2.618,Zhao_et_al_2011
LW965,serpentinite,M,200,25,5.875,2.954,2.618,Zhao_et_al_2011
LW965,serpentinite,M,400,25,5.948,2.664,2.618,Zhao_et_al_2011
LW965,serpentinite,M,600,25,5.997,2.97,2.618,Zhao_et_al_2011
LW965,serpentinite,M,800,25,6.032,2.975,2.618,Zhao_et_al_2011
LW965,serpentinite,M,1000,25,6.058,2.978,2.618,Zhao_et_al_2011
,,,,,,,,
MY01-3,schist,M,20,25,5.897,3.504,2.959,Zhao_et_al_2011
MY01-3,schist,M,40,25,6.067,3.626,2.959,Zhao_et_al_2011
MY01-3,schist,M,60,25,6.178,3.699,2.959,Zhao_et_al_2011
MY01-3,schist,M,80,25,6.254,3.746,2.959,Zhao_et_al_2011
MY01-3,schist,M,100,25,6.309,3.777,2.959,Zhao_et_al_2011
MY01-3,schist,M,200,25,6.436,3.838,2.959,Zhao_et_al_2011
MY01-3,schist,M,400,25,6.509,3.874,2.959,Zhao_et_al_2011
MY01-3,schist,M,600,25,6.54,3.894,2.959,Zhao_et_al_2011
MY01-3,schist,M,800,25,6.561,3.908,2.959,Zhao_et_al_2011
MY01-3,schist,M,1000,25,6.577,3.919,2.959,Zhao_et_al_2011
,,,,,,,,
SH966,quartzite,M,20,25,5.138,3.137,2.813,Zhao_et_al_2011
SH966,quartzite,M,40,25,5.415,3.325,2.813,Zhao_et_al_2011
SH966,quartzite,M,60,25,5.62,3.454,2.813,Zhao_et_al_2011
SH966,quartzite,M,80,25,5.781,3.55,2.813,Zhao_et_al_2011
SH966,quartzite,M,100,25,5.909,3.623,2.813,Zhao_et_al_2011
SH966,quartzite,M,200,25,6.273,3.811,2.813,Zhao_et_al_2011
SH966,quartzite,M,400,25,6.49,3.921,2.813,Zhao_et_al_2011
SH966,quartzite,M,600,25,6.56,3.968,2.813,Zhao_et_al_2011
SH966,quartzite,M,800,25,6.601,3.999,2.813,Zhao_et_al_2011
SH966,quartzite,M,1000,25,6.633,4.024,2.813,Zhao_et_al_2011
,,,,,,,,
LW961,marble,M,20,25,6.389,3.327,2.65,Zhao_et_al_2011
LW961,marble,M,40,25,6.482,3.343,2.65,Zhao_et_al_2011
LW961,marble,M,60,25,6.526,3.355,2.65,Zhao_et_al_2011
LW961,marble,M,80,25,6.562,3.364,2.65,Zhao_et_al_2011
LW961,marble,M,100,25,6.565,3.371,2.65,Zhao_et_al_2011
LW961,marble,M,200,25,6.596,3.39,2.65,Zhao_et_al_2011
LW961,marble,M,400,25,6.618,3.402,2.65,Zhao_et_al_2011
LW961,marble,M,600,25,6.628,3.406,2.65,Zhao_et_al_2011
LW961,marble,M,800,25,6.635,3.41,2.65,Zhao_et_al_2011
LW961,marble,M,1000,25,6.64,3.412,2.65,Zhao_et_al_2011
,,,,,,,,
TH-1,limestone,S,50,25,5.98,3.6,2.709,Johnston_Christensen_1992
TH-1,limestone,S,100,25,6.11,3.65,2.709,Johnston_Christensen_1992
TH-1,limestone,S,200,25,6.2,3.68,2.709,Johnston_Christensen_1992
TH-1,limestone,S,500,25,6.3,3.71,2.709,Johnston_Christensen_1992
,,,,,,,,
TH-2,limestone,S,50,25,5.49,2.95,2.703,Johnston_Christensen_1992
TH-2,limestone,S,100,25,5.64,3.01,2.703,Johnston_Christensen_1992
TH-2,limestone,S,200,25,5.8,3.08,2.703,Johnston_Christensen_1992
TH-2,limestone,S,500,25,6.02,3.19,2.703,Johnston_Christensen_1992
,,,,,,,,
TH-3,limestone,S,50,25,6.05,3.21,2.697,Johnston_Christensen_1992
TH-3,limestone,S,100,25,6.34,3.29,2.697,Johnston_Christensen_1992
TH-3,limestone,S,200,25,6.48,3.34,2.697,Johnston_Christensen_1992
TH-3,limestone,S,500,25,6.59,3.37,2.697,Johnston_Christensen_1992
,,,,,,,,
TH-4,limestone,S,50,25,6.28,3.21,2.709,Johnston_Christensen_1992
TH-4,limestone,S,100,25,6.32,3.22,2.709,Johnston_Christensen_1992
TH-4,limestone,S,200,25,6.37,3.23,2.709,Johnston_Christensen_1992
TH-4,limestone,S,500,25,6.44,3.25,2.709,Johnston_Christensen_1992
,,,,,,,,
TH-5,limestone,S,50,25,6.51,3.32,2.708,Johnston_Christensen_1992
TH-5,limestone,S,100,25,6.54,3.33,2.708,Johnston_Christensen_1992
TH-5,limestone,S,200,25,6.57,3.34,2.708,Johnston_Christensen_1992
TH-5,limestone,S,500,25,6.61,3.35,2.708,Johnston_Christensen_1992
,,,,,,,,
TH-6,limestone,S,50,25,6.45,3.32,2.723,Johnston_Christensen_1992
TH-6,limestone,S,100,25,6.5,3.34,2.723,Johnston_Christensen_1992
TH-6,limestone,S,200,25,6.55,3.36,2.723,Johnston_Christensen_1992
TH-6,limestone,S,500,25,6.6,3.37,2.723,Johnston_Christensen_1992
,,,,,,,,
TH-7,limestone,S,50,25,6.48,3.35,2.746,Johnston_Christensen_1992
TH-7,limestone,S,100,25,6.57,3.38,2.746,Johnston_Christensen_1992
TH-7,limestone,S,200,25,6.66,3.4,2.746,Johnston_Christensen_1992
TH-7,limestone,S,500,25,6.74,3.43,2.746,Johnston_Christensen_1992
,,,,,,,,
TH-8,siltstone,S,50,25,5.88,3.28,2.687,Johnston_Christensen_1992
TH-8,siltstone,S,100,25,5.97,3.31,2.687,Johnston_Christensen_1992
TH-8,siltstone,S,200,25,6.06,3.35,2.687,Johnston_Christensen_1992
TH-8,siltstone,S,500,25,6.18,3.41,2.687,Johnston_Christensen_1992
,,,,,,,,
TH-9,limestone,S,50,25,6.06,3.24,2.732,Johnston_Christensen_1992
TH-9,limestone,S,100,25,6.16,3.28,2.732,Johnston_Christensen_1992
TH-9,limestone,S,200,25,6.27,3.33,2.732,Johnston_Christensen_1992
TH-9,limestone,S,500,25,6.42,3.38,2.732,Johnston_Christensen_1992
,,,,,,,,
TH-10,limestone,S,50,25,6.18,3.46,2.796,Johnston_Christensen_1992
TH-10,limestone,S,100,25,6.3,3.49,2.796,Johnston_Christensen_1992
TH-10,limestone,S,200,25,6.43,3.53,2.796,Johnston_Christensen_1992
TH-10,limestone,S,500,25,6.64,3.58,2.796,Johnston_Christensen_1992
,,,,,,,,
TH-11,dolostone,S,50,25,6.74,3.77,2.838,Johnston_Christensen_1992
TH-11,dolostone,S,100,25,6.94,3.82,2.838,Johnston_Christensen_1992
TH-11,dolostone,S,200,25,7.07,3.86,2.838,Johnston_Christensen_1992
TH-11,dolostone,S,500,25,7.2,3.89,2.838,Johnston_Christensen_1992
,,,,,,,,
TH-12,dolostone,S,50,25,6.59,3.68,2.817,Johnston_Christensen_1992
TH-12,dolostone,S,100,25,6.77,3.75,2.817,Johnston_Christensen_1992
TH-12,dolostone,S,200,25,6.89,3.8,2.817,Johnston_Christensen_1992
TH-12,dolostone,S,500,25,7.02,3.85,2.817,Johnston_Christensen_1992
,,,,,,,,
TH-13,limestone,S,50,25,6.4,3.1,2.69,Johnston_Christensen_1992
TH-13,limestone,S,100,25,6.49,3.14,2.69,Johnston_Christensen_1992
TH-13,limestone,S,200,25,6.55,3.15,2.69,Johnston_Christensen_1992
TH-13,limestone,S,500,25,6.6,3.17,2.69,Johnston_Christensen_1992
,,,,,,,,
TH-14,limestone,S,50,25,6.35,3.33,2.726,Johnston_Christensen_1992
TH-14,limestone,S,100,25,6.41,3.36,2.726,Johnston_Christensen_1992
TH-14,limestone,S,200,25,6.48,3.38,2.726,Johnston_Christensen_1992
TH-14,limestone,S,500,25,6.57,3.4,2.726,Johnston_Christensen_1992
,,,,,,,,
TH-15,limestone,S,50,25,6.31,3.23,2.708,Johnston_Christensen_1992
TH-15,limestone,S,100,25,6.43,3.26,2.708,Johnston_Christensen_1992
TH-15,limestone,S,200,25,6.5,3.28,2.708,Johnston_Christensen_1992
TH-15,limestone,S,500,25,6.58,3.3,2.708,Johnston_Christensen_1992
,,,,,,,,
TH-16,limestone,S,50,25,6.1,3.13,2.696,Johnston_Christensen_1992
TH-16,limestone,S,100,25,6.24,3.19,2.696,Johnston_Christensen_1992
TH-16,limestone,S,200,25,6.35,3.23,2.696,Johnston_Christensen_1992
TH-16,limestone,S,500,25,6.44,3.29,2.696,Johnston_Christensen_1992
,,,,,,,,
TH-17,limestone,S,50,25,5.98,3.18,2.712,Johnston_Christensen_1992
TH-17,limestone,S,100,25,6.19,3.23,2.712,Johnston_Christensen_1992
TH-17,limestone,S,200,25,6.37,3.26,2.712,Johnston_Christensen_1992
TH-17,limestone,S,500,25,6.51,3.29,2.712,Johnston_Christensen_1992
,,,,,,,,
TH-19,limestone,S,50,25,6.33,3.3,2.708,Johnston_Christensen_1992
TH-19,limestone,S,100,25,6.38,3.32,2.708,Johnston_Christensen_1992
TH-19,limestone,S,200,25,6.43,3.34,2.708,Johnston_Christensen_1992
TH-19,limestone,S,500,25,6.49,3.36,2.708,Johnston_Christensen_1992
,,,,,,,,
TH-20,limestone,S,50,25,6.16,3.19,2.704,Johnston_Christensen_1992
TH-20,limestone,S,100,25,6.24,3.21,2.704,Johnston_Christensen_1992
TH-20,limestone,S,200,25,6.33,3.24,2.704,Johnston_Christensen_1992
TH-20,limestone,S,500,25,6.41,3.28,2.704,Johnston_Christensen_1992
,,,,,,,,
TH-21,siltstone,S,50,25,5.12,2.85,2.676,Johnston_Christensen_1992
TH-21,siltstone,S,100,25,5.28,2.89,2.676,Johnston_Christensen_1992
TH-21,siltstone,S,200,25,5.45,2.96,2.676,Johnston_Christensen_1992
TH-21,siltstone,S,500,25,5.68,3.06,2.676,Johnston_Christensen_1992
,,,,,,,,
TH-22,limestone,S,50,25,6.24,3.18,2.714,Johnston_Christensen_1992
TH-22,limestone,S,100,25,6.31,3.22,2.714,Johnston_Christensen_1992
TH-22,limestone,S,200,25,6.38,3.24,2.714,Johnston_Christensen_1992
TH-22,limestone,S,500,25,6.46,3.25,2.714,Johnston_Christensen_1992
,,,,,,,,
TH-23,limestone,S,50,25,6.02,3.25,2.712,Johnston_Christensen_1992
TH-23,limestone,S,100,25,6.09,3.29,2.712,Johnston_Christensen_1992
TH-23,limestone,S,200,25,6.16,3.32,2.712,Johnston_Christensen_1992
TH-23,limestone,S,500,25,6.25,3.37,2.712,Johnston_Christensen_1992
,,,,,,,,
TH-24,siltstone,S,50,25,5.04,3,2.969,Johnston_Christensen_1992
TH-24,siltstone,S,100,25,5.31,3.1,2.969,Johnston_Christensen_1992
TH-24,siltstone,S,200,25,5.54,3.2,2.969,Johnston_Christensen_1992
TH-24,siltstone,S,500,25,5.79,3.31,2.969,Johnston_Christensen_1992
,,,,,,,,
TH-25,sandstone,S,50,25,4.84,3.14,2.578,Johnston_Christensen_1992
TH-25,sandstone,S,100,25,5.29,3.45,2.578,Johnston_Christensen_1992
TH-25,sandstone,S,200,25,5.59,3.66,2.578,Johnston_Christensen_1992
TH-25,sandstone,S,500,25,5.86,3.81,2.578,Johnston_Christensen_1992
,,,,,,,,
TH-26,shale,S,50,25,4.09,2.12,2.339,Johnston_Christensen_1992
TH-26,shale,S,100,25,4.23,2.18,2.339,Johnston_Christensen_1992
TH-26,shale,S,200,25,4.42,2.21,2.339,Johnston_Christensen_1992
TH-26,shale,S,500,25,4.73,2.39,2.339,Johnston_Christensen_1992
,,,,,,,,
TH-27,siltstone,S,50,25,4.98,3.09,2.58,Johnston_Christensen_1992
TH-27,siltstone,S,100,25,5.13,3.18,2.58,Johnston_Christensen_1992
TH-27,siltstone,S,200,25,5.31,3.29,2.58,Johnston_Christensen_1992
TH-27,siltstone,S,500,25,5.56,3.41,2.58,Johnston_Christensen_1992
,,,,,,,,
TH-28,siltstone,S,50,25,5.02,3.14,2.653,Johnston_Christensen_1992
TH-28,siltstone,S,100,25,5.23,3.24,2.653,Johnston_Christensen_1992
TH-28,siltstone,S,200,25,5.44,3.34,2.653,Johnston_Christensen_1992
TH-28,siltstone,S,500,25,5.71,3.45,2.653,Johnston_Christensen_1992
,,,,,,,,
TH-29,shale,S,50,25,4.18,2.2,2.36,Johnston_Christensen_1992
TH-29,shale,S,100,25,4.36,2.28,2.36,Johnston_Christensen_1992
TH-29,shale,S,200,25,4.55,2.38,2.36,Johnston_Christensen_1992
TH-29,shale,S,500,25,4.85,2.54,2.36,Johnston_Christensen_1992
,,,,,,,,
TH-30,sandstone,S,50,25,4.5,3.08,2.436,Johnston_Christensen_1992
TH-30,sandstone,S,100,25,5.82,3.19,2.436,Johnston_Christensen_1992
TH-30,sandstone,S,200,25,5.05,3.3,2.436,Johnston_Christensen_1992
TH-30,sandstone,S,500,25,5.29,3.4,2.436,Johnston_Christensen_1992
,,,,,,,,
TH-31,siltstone,S,50,25,4.9,3.05,2.683,Johnston_Christensen_1992
TH-31,siltstone,S,100,25,5.17,3.18,2.683,Johnston_Christensen_1992
TH-31,siltstone,S,200,25,5.4,3.3,2.683,Johnston_Christensen_1992
TH-31,siltstone,S,500,25,5.73,3.43,2.683,Johnston_Christensen_1992
,,,,,,,,
TH-32,limestone,S,50,25,5.6,3.11,2.702,Johnston_Christensen_1992
TH-32,limestone,S,100,25,5.76,3.16,2.702,Johnston_Christensen_1992
TH-32,limestone,S,200,25,5.92,3.21,2.702,Johnston_Christensen_1992
TH-32,limestone,S,500,25,6.12,3.27,2.702,Johnston_Christensen_1992
,,,,,,,,
TH-33,limestone,S,50,25,6.08,3.5,2.792,Johnston_Christensen_1992
TH-33,limestone,S,100,25,6.28,3.58,2.792,Johnston_Christensen_1992
TH-33,limestone,S,200,25,6.47,3.66,2.792,Johnston_Christensen_1992
TH-33,limestone,S,500,25,6.12,3.74,2.792,Johnston_Christensen_1992
,,,,,,,,
TH-34,limestone,S,50,25,6.14,3.65,2.72,Johnston_Christensen_1992
TH-34,limestone,S,100,25,6.23,3.69,2.72,Johnston_Christensen_1992
TH-34,limestone,S,200,25,6.32,3.72,2.72,Johnston_Christensen_1992
TH-34,limestone,S,500,25,6.41,3.74,2.72,Johnston_Christensen_1992
,,,,,,,,
TH-35,limestone,S,50,25,5.97,3.19,2.707,Johnston_Christensen_1992
TH-35,limestone,S,100,25,6.09,3.22,2.707,Johnston_Christensen_1992
TH-35,limestone,S,200,25,6.21,3.25,2.707,Johnston_Christensen_1992
TH-35,limestone,S,500,25,6.35,3.29,2.707,Johnston_Christensen_1992
,,,,,,,,
TH-36,limestone,S,50,25,5.71,3.16,2.716,Johnston_Christensen_1992
TH-36,limestone,S,100,25,6.03,3.24,2.716,Johnston_Christensen_1992
TH-36,limestone,S,200,25,6.3,3.31,2.716,Johnston_Christensen_1992
TH-36,limestone,S,500,25,6.51,3.36,2.716,Johnston_Christensen_1992
,,,,,,,,
TH-37,limestone,S,50,25,6.55,3.39,2.723,Johnston_Christensen_1992
TH-37,limestone,S,100,25,6.6,3.4,2.723,Johnston_Christensen_1992
TH-37,limestone,S,200,25,6.63,3.41,2.723,Johnston_Christensen_1992
TH-37,limestone,S,500,25,6.66,3.42,2.723,Johnston_Christensen_1992
,,,,,,,,
TH-38,sandstone,S,50,25,5.49,3.22,2.592,Johnston_Christensen_1992
TH-38,sandstone,S,100,25,5.32,3.31,2.592,Johnston_Christensen_1992
TH-38,sandstone,S,200,25,5.81,3.37,2.592,Johnston_Christensen_1992
TH-38,sandstone,S,500,25,5.98,3.76,2.592,Johnston_Christensen_1992
,,,,,,,,
TH-39,dolostone,S,50,25,6.7,3.66,2.863,Johnston_Christensen_1992
TH-39,dolostone,S,100,25,6.81,3.7,2.863,Johnston_Christensen_1992
TH-39,dolostone,S,200,25,6.89,3.73,2.863,Johnston_Christensen_1992
TH-39,dolostone,S,500,25,7,3.76,2.863,Johnston_Christensen_1992
,,,,,,,,
TH-42,limestone,S,50,25,6.34,3.31,2.71,Johnston_Christensen_1992
TH-42,limestone,S,100,25,6.36,3.32,2.71,Johnston_Christensen_1992
TH-42,limestone,S,200,25,6.39,3.33,2.71,Johnston_Christensen_1992
TH-42,limestone,S,500,25,6.44,3.35,2.71,Johnston_Christensen_1992
,,,,,,,,
TH-43,dolostone,S,50,25,6.17,3.78,2.731,Johnston_Christensen_1992
TH-43,dolostone,S,100,25,6.39,3.88,2.731,Johnston_Christensen_1992
TH-43,dolostone,S,200,25,6.51,3.91,2.731,Johnston_Christensen_1992
TH-43,dolostone,S,500,25,6.63,3.94,2.731,Johnston_Christensen_1992
,,,,,,,,
TH-44,dolostone,S,50,25,6.69,3.71,2.792,Johnston_Christensen_1992
TH-44,dolostone,S,100,25,6.82,3.79,2.792,Johnston_Christensen_1992
TH-44,dolostone,S,200,25,6.9,3.82,2.792,Johnston_Christensen_1992
TH-44,dolostone,S,500,25,6.99,3.85,2.792,Johnston_Christensen_1992
,,S,,,,,,
TH-45,dolostone,S,50,25,6.71,3.71,2.805,Johnston_Christensen_1992
TH-45,dolostone,S,100,25,6.89,3.79,2.805,Johnston_Christensen_1992
TH-45,dolostone,S,200,25,6.98,3.82,2.805,Johnston_Christensen_1992
TH-45,dolostone,S,500,25,7.08,3.85,2.805,Johnston_Christensen_1992
,,,,,,,,
TH-47,dolostone,S,50,25,6.49,3.63,2.812,Johnston_Christensen_1992
TH-47,dolostone,S,100,25,6.59,3.67,2.812,Johnston_Christensen_1992
TH-47,dolostone,S,200,25,6.68,3.7,2.812,Johnston_Christensen_1992
TH-47,dolostone,S,500,25,6.79,3.74,2.812,Johnston_Christensen_1992
,,,,,,,,
TH-49,siltstone,S,50,25,5.1,2.99,2.664,Johnston_Christensen_1992
TH-49,siltstone,S,100,25,5.24,3.06,2.664,Johnston_Christensen_1992
TH-49,siltstone,S,200,25,5.4,3.15,2.664,Johnston_Christensen_1992
TH-49,siltstone,S,500,25,5.67,3.28,2.664,Johnston_Christensen_1992
,,,,,,,,
TH-52,sandstone,S,50,25,4.52,2.95,2.49,Johnston_Christensen_1992
TH-52,sandstone,S,100,25,4.71,3.09,2.49,Johnston_Christensen_1992
TH-52,sandstone,S,200,25,4.94,3.25,2.49,Johnston_Christensen_1992
TH-52,sandstone,S,500,25,5.24,3.43,2.49,Johnston_Christensen_1992
,,,,,,,,
TH-54,shale,S,50,25,4.48,2.74,2.546,Johnston_Christensen_1992
TH-54,shale,S,100,25,4.65,2.82,2.546,Johnston_Christensen_1992
TH-54,shale,S,200,25,4.86,2.92,2.546,Johnston_Christensen_1992
TH-54,shale,S,500,25,5.18,3.05,2.546,Johnston_Christensen_1992
,,,,,,,,
TH-55,sandstone,S,50,25,5.06,3.56,2.554,Johnston_Christensen_1992
TH-55,sandstone,S,100,25,5.4,3.78,2.554,Johnston_Christensen_1992
TH-55,sandstone,S,200,25,5.58,3.9,2.554,Johnston_Christensen_1992
TH-55,sandstone,S,500,25,5.76,3.99,2.554,Johnston_Christensen_1992
,,,,,,,,
TH-57,sandstone,S,50,25,5.19,3.36,2.653,Johnston_Christensen_1992
TH-57,sandstone,S,100,25,5.37,3.45,2.653,Johnston_Christensen_1992
TH-57,sandstone,S,200,25,5.55,3.54,2.653,Johnston_Christensen_1992
TH-57,sandstone,S,500,25,5.77,3.64,2.653,Johnston_Christensen_1992
,,,,,,,,
TH-58,sandstone,S,50,25,5.24,3.19,2.597,Johnston_Christensen_1992
TH-58,sandstone,S,100,25,5.5,3.3,2.597,Johnston_Christensen_1992
TH-58,sandstone,S,200,25,5.69,3.39,2.597,Johnston_Christensen_1992
TH-58,sandstone,S,500,25,5.88,3.46,2.597,Johnston_Christensen_1992